Source,Year,FA_Tim,FA_Mag,FA_Dur,Wet_BFL_Mag_10,Wet_BFL_Mag_50,Wet_BFL_Dur,Wet_Tim,Peak_2,Peak_5,Peak_10,Peak_Dur_2,Peak_Dur_5,Peak_Dur_10,Peak_Fre_2,Peak_Fre_5,Peak_Fre_10,SP_Tim,SP_Mag,SP_ROC,SP_Dur,DS_Mag_50,DS_Mag_90,DS_Dur_WS,DS_Tim,DS_7d_Low_Mag,DS_7d_Low_Tim,DS_No_Flow_Tim,DS_No_Flow_Dur,Overall_Int_Class,Int_Class,WYT,Avg,Std,CV
fj_alf_curtail_07.15_update_2025-09-30,1991,,,,,,,,2100.16384541421,3728.922504338952,6061.98253057368,,,,,,,237,376.500150474458,0.04411629142788088,50,56.2155133146995,352.770067758815,271,287,23.192098860312655,300,,,Perennial,Perennial,dry,146.15668960395945,109.10546257920625,0.7464965365242545
fj_alf_curtail_07.15_update_2025-09-30,1992,68,125.437050536584,67.0,467.505449966631,606.262824944578,21,192,2100.16384541421,3728.922504338952,6061.98253057368,,,,,,,213,532.290696622269,0.048424598876191854,51,40.4892145238436,545.681127216907,261,264,10.912337599634512,304,,,Perennial,Perennial,dry,150.31242831759164,177.18321715216788,1.178766247976525
fj_alf_curtail_07.15_update_2025-09-30,1993,72,170.744231149738,71.0,845.068334844563,1119.79775490532,85,159,2100.16384541421,3728.922504338952,6061.98253057368,5,,,2,,,244,2401.80811803064,0.04152309925583603,62,,,,306,55.7249629309293,367,,,Perennial,Perennial,moderate,493.4823902463613,550.554878575231,1.1156525328094835
fj_alf_curtail_07.15_update_2025-09-30,1994,73,187.827100355845,68.0,,,,,2100.16384541421,3728.922504338952,6061.98253057368,,,,,,,222,355.158332456902,0.05968938001526578,37,9.6465788966728,30.701089537975513,183,259,7.875207765901274,300,,,Perennial,Perennial,dry,132.02328465581567,112.7530200165545,0.854038894051919
fj_alf_curtail_07.15_update_2025-09-30,1995,,,,52.70786114946774,876.131050330535,95,76,2100.16384541421,3728.922504338952,6061.98253057368,18,2,,6,1,,171,2710.14705415274,0.041233771060156924,152,84.6729423958288,1294.011938178583,169,323,63.58486504698782,370,,,Perennial,Perennial,wet,681.8604472043553,758.9281414212109,1.1130256118137296
fj_alf_curtail_07.15_update_2025-09-30,1996,67,379.092574002415,50.0,972.006920868517,1224.67017577057,82,126,2100.16384541421,3728.922504338952,6061.98253057368,12,,,3,,,208,1915.6361281589,0.04548732545783683,98,641.647303570564,1616.212183468182,263,306,42.27706308807654,363,,,Perennial,Perennial,wet,659.0349507893088,659.2341021084633,1.0003021862784605
fj_alf_curtail_07.15_update_2025-09-30,1997,50,1710.95473114262,49.0,,,,203,2100.16384541421,3728.922504338952,6061.98253057368,16,7,4,3,2,1,124,1756.47468262301,0.026078186291103943,38,159.348392553054,633.4514315651976,303,162,57.61026047294621,299,,,Perennial,Perennial,wet,702.22180376243,1230.051791958002,1.7516570766779311
fj_alf_curtail_07.15_update_2025-09-30,1998,58,259.614812171665,5.0,886.196547826729,1265.36272675033,121,99,2100.16384541421,3728.922504338952,6061.98253057368,10,3,,2,1,,220,1815.6860159612,0.034462779084403275,104,501.51754096701245,1352.771865058764,192,324,75.0827418931964,366,,,Perennial,Perennial,wet,744.0231539459245,736.0000588117822,0.989216605569878
fj_alf_curtail_07.15_update_2025-09-30,1999,55,1528.67309209088,52.0,760.4329347188971,1025.1617438962849,90,150,2100.16384541421,3728.922504338952,6061.98253057368,1,,,1,,,240,1585.08500236598,0.040460325194943546,66,77.4622719335437,237.011843641459,161,306,55.70019770339357,364,,,Perennial,Perennial,wet,644.8345333432158,502.98489542179675,0.7800216480559998
fj_alf_curtail_07.15_update_2025-09-30,2000,62,279.493335908128,7.0,709.961809735689,940.5945820069135,96,101,2100.16384541421,3728.922504338952,6061.98253057368,,,,,,,197,1531.54764056774,0.0362962126079632,113,69.47719865112134,141.6652929537583,210,310,40.94332172470718,362,,,Perennial,Perennial,moderate,462.2434874811115,410.40797647190703,0.8878610247346694
fj_alf_curtail_07.15_update_2025-09-30,2001,,,,163.8672430061579,211.823234533469,74,154,2100.16384541421,3728.922504338952,6061.98253057368,,,,,,,228,280.066103834359,0.08095382633484999,25,13.0465151972632,693.4643751401061,303,253,8.237814244772862,300,,,Perennial,Perennial,dry,104.34664749732418,105.049921017026,1.0067397806884006
fj_alf_curtail_07.15_update_2025-09-30,2002,68,124.647657376129,67.0,836.5042256912936,890.501422054351,7,190,2100.16384541421,3728.922504338952,6061.98253057368,,,,,,,197,1292.66272171569,0.04563392955668898,94,29.83973751219085,73.77767203363874,148,291,23.507111760454013,360,,,Perennial,Perennial,moderate,310.9901637381779,324.89245309017616,1.0447033088921185
fj_alf_curtail_07.15_update_2025-09-30,2003,55,74.1183817257892,8.0,747.4152782258778,1075.11497356915,169,73,2100.16384541421,3728.922504338952,6061.98253057368,8,,,5,,,242,1503.77698774618,0.03811476955805443,71,91.9899860296961,412.37451219583426,153,313,63.963725206339625,367,,,Perennial,Perennial,wet,661.2987569426376,617.6173187010911,0.9339459846507234
fj_alf_curtail_07.15_update_2025-09-30,2004,67,533.497730677983,10.0,596.2069122740274,910.7852837755449,96,100,2100.16384541421,3728.922504338952,6061.98253057368,1,,,1,,,196,1024.92310421817,0.044092545417777115,98,32.8877733768661,71.66445954147645,139,294,28.831420160732485,303,,,Perennial,Perennial,moderate,422.97999796014795,414.6467125207823,0.9802986300072023
fj_alf_curtail_07.15_update_2025-09-30,2005,42,72.1662695115909,3.0,341.9979801860917,687.2898958583839,164,67,2100.16384541421,3728.922504338952,6061.98253057368,,,,,,,231,1480.73764192807,0.03878796765436852,78,52.5804365126437,589.0902017144641,135,309,41.349018403218444,362,,,Perennial,Perennial,dry,419.3171825871157,359.3969783953717,0.8571005275241846
fj_alf_curtail_07.15_update_2025-09-30,2006,36,105.86127649538,35.0,1756.159670890682,2385.25068937502,47,78,2100.16384541421,3728.922504338952,6061.98253057368,40,6,2,4,1,1,125,3388.76415424861,0.04072204012094989,35,192.814540876968,1346.6110252496062,277,160,52.7487732609798,363,,,Perennial,Perennial,wet,907.2878495937991,1083.1258162975867,1.1938061517990257
fj_alf_curtail_07.15_update_2025-09-30,2007,47,386.057770744596,1.0,393.9466299531482,637.203541336395,105,71,2100.16384541421,3728.922504338952,6061.98253057368,3,1,,1,1,,176,983.29908802912,0.055654754882731874,93,23.5753165972952,101.47485318148983,159,269,13.132840638923799,301,,,Perennial,Perennial,moderate,363.10362576945647,459.8028707604746,1.2663130801464784
fj_alf_curtail_07.15_update_2025-09-30,2008,18,257.453807981288,17.0,241.222845435557,510.423029319657,179,62,2100.16384541421,3728.922504338952,6061.98253057368,,,,,,,241,1169.31938131005,0.04121468414434239,63,89.0318656391823,234.6420496585455,206,304,32.38700784035681,363,,,Perennial,Perennial,dry,368.7772624873328,364.7921075731827,0.9891935991734659
fj_alf_curtail_07.15_update_2025-09-30,2009,45,175.140719143655,44.0,403.856039892132,559.300755721112,92,144,2100.16384541421,3728.922504338952,6061.98253057368,,,,,,,236,807.806407548099,0.05080646883653707,54,32.1817195600916,65.1603096708438,151,290,24.647231295970382,359,,,Perennial,Perennial,dry,256.4483485518482,251.42249308883075,0.9804020751492524
fj_alf_curtail_07.15_update_2025-09-30,2010,60,66.7131985694627,5.0,238.2595860253072,532.482679249328,173,75,2100.16384541421,3728.922504338952,6061.98253057368,,,,,,,248,2064.24241218492,0.03817035085595975,78,77.12142204543605,308.5552928177029,104,326,52.45691283854622,359,,,Perennial,Perennial,moderate,403.8060650182843,387.49032609735406,0.9595951117767598
fj_alf_curtail_07.15_update_2025-09-30,2011,39,392.518944627705,9.0,520.081590678954,960.138756778588,201,64,2100.16384541421,3728.922504338952,6061.98253057368,,,,,,,265,1391.30516940679,0.038903572239261316,68,86.0424729667943,122.753274832456,121,333,64.17336107943403,363,,,Perennial,Perennial,moderate,649.4245524411093,453.38723729847754,0.698136889950109
fj_alf_curtail_07.15_update_2025-09-30,2012,,,,202.807859935623,502.806505867083,141,88,2100.16384541421,3728.922504338952,6061.98253057368,1,,,1,,,229,1286.71604247131,0.04003531319446198,81,54.95934732011895,521.6128779556016,172,310,33.44558465418572,363,,,Perennial,Perennial,moderate,361.6965877396724,417.07822396704717,1.1531162806192552
fj_alf_curtail_07.15_update_2025-09-30,2013,52,147.641694967263,50.0,370.336394752889,465.992191971822,105,116,2100.16384541421,3728.922504338952,6061.98253057368,1,,,1,,,221,652.087978527642,0.05505384594678973,48,40.25696071027175,62.6174770906748,192,269,22.285962231571656,299,,,Perennial,Perennial,moderate,288.95427951092813,304.0064915641848,1.0520920198127308
fj_alf_curtail_07.15_update_2025-09-30,2014,,,,70.43309351687002,321.631368516465,85,95,2100.16384541421,3728.922504338952,6061.98253057368,,,,,,,180,587.736031388601,0.04016631501086426,66,10.679341407304001,637.2144545493882,244,246,8.07266737779452,271,,,Perennial,Perennial,dry,134.78067208628,223.31075098168134,1.6568455070377504
fj_alf_curtail_07.15_update_2025-09-30,2015,54,208.12020765299,53.0,686.8775235517195,895.503454399588,6,124,2100.16384541421,3728.922504338952,6061.98253057368,5,2,1,1,1,1,130,6150.36598582362,0.03158939912811707,78,32.89064718962075,284.24880525563344,278,208,9.540244029358727,299,,,Perennial,Perennial,moderate,331.8004671463947,561.2846670872725,1.6916331429986398
fj_alf_curtail_07.15_update_2025-09-30,2016,71,263.605823211098,41.0,950.1886205271486,1306.31139081103,75,120,2100.16384541421,3728.922504338952,6061.98253057368,10,,,5,,,195,1863.36122482393,0.04179941309597876,108,48.5377716420539,514.3151552048106,132,303,35.96552138356569,360,,,Perennial,Perennial,wet,541.5960316821819,636.5582020833123,1.1753376406879876
fj_alf_curtail_07.15_update_2025-09-30,2017,18,218.60667723118,17.0,814.5243362254175,1448.950150129655,148,69,2100.16384541421,3728.922504338952,6061.98253057368,31,3,1,6,1,1,217,2195.66447309377,0.0488747976765517,89,68.6856453284688,85.1240512950661,109,306,60.6007056368494,366,,,Perennial,Perennial,wet,955.7206112242936,906.1538157084301,0.9481367306158986
fj_alf_curtail_07.15_update_2025-09-30,2018,44,136.434336142382,1.0,196.0522590105486,340.329875552225,169,49,2100.16384541421,3728.922504338952,6061.98253057368,,,,,,,218,442.667794665294,0.057849644479739795,51,23.1088450005474,60.86628489362159,173,269,11.7379101924182,300,,,Perennial,Perennial,dry,218.1486795273552,212.5670924690565,0.9744138398160747
fj_alf_curtail_07.15_update_2025-09-30,2019,,,,206.9036296450902,765.894396981727,145,76,2100.16384541421,3728.922504338952,6061.98253057368,2,,,1,,,221,1462.06268209083,0.04049479619143351,86,59.8644462186444,162.31748787548,173,307,50.3561759764616,366,,,Perennial,Perennial,moderate,480.62792469182943,527.7445347628109,1.0980313619962714
fj_alf_curtail_07.15_update_2025-09-30,2020,75,179.060123973944,3.0,162.7109300493148,241.03003552973,117,114,2100.16384541421,3728.922504338952,6061.98253057368,,,,,,,231,373.376829789519,0.0617141616163222,39,22.209972285785398,46.04701797699409,172,270,11.43720066656574,302,,,Perennial,Perennial,dry,138.78748809305117,123.69843723395235,0.891279458498577
fj_alf_curtail_07.15_update_2025-09-30,2021,,,,81.27913302642773,248.753866112376,142,76,2100.16384541421,3728.922504338952,6061.98253057368,,,,,,,218,321.857627624481,0.07082037684556733,37,12.827499274544799,193.48153070478003,208,255,8.816060557213554,300,,,Perennial,Perennial,dry,119.9029266201289,121.10729207062388,1.0100445042038932
fj_alf_curtail_07.15_update_2025-09-30,2022,37,171.745949656751,36.0,217.65011490188002,262.46089432947053,134,97,2100.16384541421,3728.922504338952,6061.98253057368,,,,,,,231,313.565707082746,0.04327002018551603,60,37.7841805347818,54.1188153340631,151,291,26.421349998905395,301,,,Perennial,Perennial,moderate,161.653014229993,107.23387215988706,0.663358321344502
fj_alf_curtail_07.15_update_2025-09-30,2023,,,,347.1732428250965,658.6886330824235,166,76,2100.16384541421,3728.922504338952,6061.98253057368,,,,,,,242,1633.96610082763,0.046076857730487863,64,56.72452069183945,92.1458434693433,138,306,50.61198776162898,367,,,Perennial,Perennial,wet,446.91659647981317,488.2219165225601,1.0924228824082451
fj_alf_curtail_07.15_update_2025-09-30,2024,,,,393.2589160564848,871.6781324420215,152,78,2100.16384541421,3728.922504338952,6061.98253057368,1,,,1,,,230,1678.67254789534,0.04894148451463197,75,50.4445347558217,1212.5621866722806,184,305,41.79331755097366,366,,,Perennial,Perennial,unknown,493.604851315818,495.10003111671114,1.0030291027264164
fj_alf_curtail_07.15_update_2025-09-30,2025,54,650.099362229087,51.0,1090.13993370522,1330.2196450126398,76,123,2100.16384541421,3728.922504338952,6061.98253057368,14,,,3,,,199,1832.39181526537,0.03649961780947712,108,65.01901421768619,1231.3174383282535,182,307,,,,,,,unknown,709.6969751325112,719.9586379182324,1.0144592173072249
fj_alf_curtail_07.31_update_2025-09-30,1991,,,,,,,,2100.64186049265,3727.563134909378,6064.545214574392,,,,,,,237,376.500150474458,0.045620530477906214,45,33.6828005346206,130.6923029394766,217,282,9.504714193041874,301,,,Perennial,Perennial,dry,142.39463942260147,113.18264618709782,0.7948518753658432
fj_alf_curtail_07.31_update_2025-09-30,1992,68,122.909881482568,52.0,295.289322716794,368.889118370819,80,133,2100.64186049265,3727.563134909378,6064.545214574392,,,,,,,213,531.709149077495,0.04751330158104487,51,26.175282095519,544.385969988117,261,264,8.62878129723039,303,,,Perennial,Perennial,dry,148.1547111784357,178.0445087085328,1.2017471958356978
fj_alf_curtail_07.31_update_2025-09-30,1993,72,164.440444599767,40.0,871.4285264154246,1119.48956904029,85,159,2100.64186049265,3727.563134909378,6064.545214574392,5,,,2,,,244,2387.34586277572,0.05366756476674112,67,,,,311,52.478318851831254,366,,,Perennial,Perennial,moderate,486.1263565451373,556.5627121465212,1.1448931016659325
fj_alf_curtail_07.31_update_2025-09-30,1994,73,185.918322180652,69.0,,,,,2100.64186049265,3727.563134909378,6064.545214574392,,,,,,,222,354.43341308736,0.05978873853283415,37,8.46414657466701,11.669640401814942,183,259,5.519218033977044,300,,,Perennial,Perennial,dry,130.5689051713041,112.90968617398569,0.8647517264991246
fj_alf_curtail_07.31_update_2025-09-30,1995,,,,24.389172971313272,996.4803691448005,114,76,2100.64186049265,3727.563134909378,6064.545214574392,17,2,,6,1,,190,1645.22563462025,0.0453711184030446,128,77.366677092546,562.7916636659901,137,318,61.52168446882249,369,,,Perennial,Perennial,wet,672.456383241915,762.97842517698,1.1346139975631695
fj_alf_curtail_07.31_update_2025-09-30,1996,67,376.904237731409,6.0,934.2717606880648,1226.3263273707,119,89,2100.64186049265,3727.563134909378,6064.545214574392,12,,,3,,,208,1915.44136613677,0.05937585060134072,83,605.9136430022816,1597.4074258812104,278,291,13.721304731682942,302,,,Perennial,Perennial,wet,654.784947137253,664.3137533542268,1.014552573724601
fj_alf_curtail_07.31_update_2025-09-30,1997,50,1648.11228164035,49.0,,,,203,2100.64186049265,3727.563134909378,6064.545214574392,15,7,4,2,2,1,124,1761.74429305384,0.02620065987040473,38,163.657640240564,630.6517632613753,305,162,36.1862184315664,299,,,Perennial,Perennial,wet,698.6289260543433,1231.2454051258767,1.7623739287172078
fj_alf_curtail_07.31_update_2025-09-30,1998,58,273.440385675807,5.0,911.2062149840839,1282.82497112135,119,101,2100.64186049265,3727.563134909378,6064.545214574392,10,3,,2,1,,220,1815.99685860092,0.03785145673783956,98,376.098470664119,1347.0211086426832,198,318,72.72972354480748,365,,,Perennial,Perennial,wet,741.1900962047463,739.1985138555345,0.9973129938467747
fj_alf_curtail_07.31_update_2025-09-30,1999,55,1525.99530843553,53.0,764.4768564482864,1029.19666937781,90,150,2100.64186049265,3727.563134909378,6064.545214574392,1,,,1,,,240,1586.66079674985,0.062016998436153804,63,77.7968927068198,746.2021826365059,198,303,42.04405162659035,303,,,Perennial,Perennial,wet,640.9878714487402,510.3746853363444,0.7962314235101078
fj_alf_curtail_07.31_update_2025-09-30,2000,62,277.069233363031,60.0,879.3559865166737,967.1377231708595,62,135,2100.64186049265,3727.563134909378,6064.545214574392,,,,,,,197,1535.70496161596,0.04510650140322396,109,66.12683817513954,140.9523568643114,214,306,37.866070914415495,362,,,Perennial,Perennial,moderate,458.51728519645707,414.6160616859039,0.9042539399758001
fj_alf_curtail_07.31_update_2025-09-30,2001,,,,163.280681923162,211.583231725571,74,154,2100.64186049265,3727.563134909378,6064.545214574392,,,,,,,228,279.594959584018,0.08112143890554749,25,11.2303542317328,689.9766512375204,303,253,6.214952879431984,300,,,Perennial,Perennial,dry,103.27155871972153,105.43297901184538,1.0209294826079844
fj_alf_curtail_07.31_update_2025-09-30,2002,75,184.26302483577,74.0,835.5517842239186,889.666459076798,7,190,2100.64186049265,3727.563134909378,6064.545214574392,,,,,,,197,1291.89748885561,0.05011883959013099,87,18.1593759208842,71.62173942179372,155,284,10.322104795613985,302,,,Perennial,Perennial,moderate,302.0792735864245,327.89657696675613,1.085465325289672
fj_alf_curtail_07.31_update_2025-09-30,2003,56,71.9572017795474,10.0,745.2506199484543,1073.65530067634,169,73,2100.64186049265,3727.563134909378,6064.545214574392,8,,,5,,,242,1503.33956001043,0.052657264242113484,72,83.70233676420719,411.49784030792176,152,314,61.44153395546772,367,,,Perennial,Perennial,wet,655.048904303145,621.8920111786236,0.9493825683751133
fj_alf_curtail_07.31_update_2025-09-30,2004,67,531.312431304824,9.0,599.2173854318114,919.6783670340195,96,100,2100.64186049265,3727.563134909378,6064.545214574392,1,,,1,,,196,1024.67344914343,0.04567008158548709,89,44.8243751655592,378.5792054274235,196,285,10.989488993893971,303,,,Perennial,Perennial,moderate,420.16171987982443,422.74689096079373,1.0061528001211264
fj_alf_curtail_07.31_update_2025-09-30,2005,34,70.9012196711531,33.0,600.0038520527526,764.111149367365,116,115,2100.64186049265,3727.563134909378,6064.545214574392,,,,,,,231,1480.6501727303,0.053241765190422424,75,46.17093689741975,583.9374648462912,138,306,38.253404900461135,361,,,Perennial,Perennial,dry,414.95908738064855,365.3384015757236,0.8804202936772725
fj_alf_curtail_07.31_update_2025-09-30,2006,36,102.832904850819,35.0,1762.435790197678,2392.4605628049,47,78,2100.64186049265,3727.563134909378,6064.545214574392,41,6,2,4,1,1,125,3398.87297760912,0.04081512582948639,35,186.717140760269,1346.384030419362,277,160,31.527092201272666,300,,,Perennial,Perennial,wet,903.0466226364425,1088.3493312517498,1.2051972777156472
fj_alf_curtail_07.31_update_2025-09-30,2007,47,382.749293299899,1.0,392.7522764787026,635.750449070144,105,71,2100.64186049265,3727.563134909378,6064.545214574392,3,1,,1,1,,176,984.283116503987,0.05544876606582636,93,11.53578910874215,65.78760237984491,144,269,9.86087189144639,301,,,Perennial,Perennial,moderate,360.6564049250207,461.192082581772,1.278757499614217
fj_alf_curtail_07.31_update_2025-09-30,2008,18,214.570423362305,5.0,191.8335566571709,476.226272041,194,47,2100.64186049265,3727.563134909378,6064.545214574392,,,,,,,241,1169.71544510741,0.06822456879032777,52,50.3033026565223,232.1443544543002,217,293,14.77900702870617,303,,,Perennial,Perennial,dry,362.3344597958789,371.184565308758,1.0244252382670553
fj_alf_curtail_07.31_update_2025-09-30,2009,45,172.407715448036,44.0,402.7342556054751,558.432010831431,92,144,2100.64186049265,3727.563134909378,6064.545214574392,,,,,,,236,807.335463577697,0.05819135837726633,50,19.3907063855831,63.162010450348475,155,286,9.803582720004906,301,,,Perennial,Perennial,dry,251.2300252075223,255.1800283593356,1.0157226555565981
fj_alf_curtail_07.31_update_2025-09-30,2010,60,64.5235625225271,5.0,237.0012181776036,533.938387416821,173,75,2100.64186049265,3727.563134909378,6064.545214574392,,,,,,,248,2062.45808142396,0.04965696510892871,63,106.5961710320775,860.2963951879683,162,311,49.36543491215805,359,,,Perennial,Perennial,moderate,398.2101729657887,391.17082025279626,0.9823225191346451
fj_alf_curtail_07.31_update_2025-09-30,2011,39,388.93620628721,38.0,525.6566484532002,1024.34020784932,158,107,2100.64186049265,3727.563134909378,6064.545214574392,,,,,,,265,1390.86896787475,0.04946355426272246,58,85.1836235410287,121.065021219276,131,323,62.11771347937538,363,,,Perennial,Perennial,moderate,645.6808299592584,456.20754508146206,0.7065527175558985
fj_alf_curtail_07.31_update_2025-09-30,2012,,,,201.988526967988,500.620307277873,141,88,2100.64186049265,3727.563134909378,6064.545214574392,1,,,1,,,229,1287.35358665204,0.05775103443043379,68,40.8126032711636,505.75105422623295,185,297,28.836042423192026,302,,,Perennial,Perennial,moderate,361.1895576495128,431.1846215305428,1.1937903862352275
fj_alf_curtail_07.31_update_2025-09-30,2013,52,142.908765287564,51.0,369.3960681781384,466.013814030522,105,116,2100.64186049265,3727.563134909378,6064.545214574392,1,,,1,,,221,651.795079335497,0.05502364202223721,48,33.6571875915888,55.00715495898201,173,269,9.767799468255273,300,,,Perennial,Perennial,moderate,284.2402380424493,305.7967041799032,1.0758388970045636
fj_alf_curtail_07.31_update_2025-09-30,2014,,,,63.89179621366827,98.78038743344395,104,76,2100.64186049265,3727.563134909378,6064.545214574392,,,,,,,180,588.352934473593,0.04000436490144821,67,9.91100441253795,632.9779207417031,243,247,7.1855698388401485,300,,,Perennial,Perennial,dry,134.60591247684752,223.68495185598232,1.6617765723660658
fj_alf_curtail_07.31_update_2025-09-30,2015,54,174.24745426718,24.0,686.3536688913609,896.632951507562,6,124,2100.64186049265,3727.563134909378,6064.545214574392,5,2,1,1,1,1,130,6154.08669660522,0.036878936174966376,63,35.105314959031,1014.395524117034,329,193,7.538400729806269,299,,,Perennial,Perennial,moderate,327.5176646056555,563.3945300699174,1.7201958579799572
fj_alf_curtail_07.31_update_2025-09-30,2016,71,256.667169691828,70.0,1262.578672107046,1719.41267557894,39,156,2100.64186049265,3727.563134909378,6064.545214574392,10,,,5,,,195,1864.3556760303,0.05715986785500057,96,32.6691402340716,503.4572153882772,144,291,13.378253165624084,303,,,Perennial,Perennial,wet,536.363448829765,643.549079185677,1.1998376857889348
fj_alf_curtail_07.31_update_2025-09-30,2017,18,213.581477810572,17.0,813.1485806269661,1449.097560251965,148,69,2100.64186049265,3727.563134909378,6064.545214574392,31,3,1,6,1,1,217,2195.61705988377,0.0529771174970423,96,67.2857948271748,264.8876859392967,155,313,57.4325531926625,365,,,Perennial,Perennial,wet,952.9120327946611,912.7449980463355,0.9578481188546593
fj_alf_curtail_07.31_update_2025-09-30,2018,41,119.307511620724,39.0,253.307935588353,358.043295490583,116,102,2100.64186049265,3727.563134909378,6064.545214574392,,,,,,,218,442.275532099425,0.05786587314623454,51,11.076857642956,55.84734728661105,173,269,8.590673338424244,300,,,Perennial,Perennial,dry,215.33774987283104,214.0784305777464,0.9941518879256965
fj_alf_curtail_07.31_update_2025-09-30,2019,,,,205.52885255719642,765.800837638883,145,76,2100.64186049265,3727.563134909378,6064.545214574392,2,,,1,,,221,1462.21992227952,0.05555503047089594,76,51.9423528022864,161.0870619403818,183,297,29.79225668581101,300,,,Perennial,Perennial,moderate,474.60909785537086,532.5573423353054,1.1220967839465927
fj_alf_curtail_07.31_update_2025-09-30,2020,75,171.040371607015,3.0,162.2212210748504,239.844374204629,117,114,2100.64186049265,3727.563134909378,6064.545214574392,,,,,,,231,372.756857107914,0.06181307832518312,39,10.622708780361648,39.565259730507954,172,270,8.273048449215024,301,,,Perennial,Perennial,dry,135.9161178245204,125.12805762268513,0.9206270722375723
fj_alf_curtail_07.31_update_2025-09-30,2021,,,,78.55681446991201,249.90281898583498,142,76,2100.64186049265,3727.563134909378,6064.545214574392,,,,,,,218,323.613371489695,0.07084411043193324,37,10.8510129917933,176.65949832502164,208,255,6.785833678157989,299,,,Perennial,Perennial,dry,117.02484584792221,123.50483729875545,1.055372783479281
fj_alf_curtail_07.31_update_2025-09-30,2022,38,120.89094934103,37.0,220.7724591199337,262.249809492329,134,97,2100.64186049265,3727.563134909378,6064.545214574392,,,,,,,231,312.185177464529,0.05166883843239161,54,29.2971325622137,52.17725174162156,157,285,14.1629702858288,335,,,Perennial,Perennial,moderate,153.9245621516447,112.89055799389959,0.7334148391644026
fj_alf_curtail_07.31_update_2025-09-30,2023,,,,346.6054083251135,661.7250813220675,166,76,2100.64186049265,3727.563134909378,6064.545214574392,,,,,,,242,1633.93107227507,0.06618734120605038,56,49.349802566613405,80.5392727734511,146,298,27.0188708906351,301,,,Perennial,Perennial,wet,441.952452565965,492.6155265516328,1.1146346709731312
fj_alf_curtail_07.31_update_2025-09-30,2024,,,,391.1063281196181,872.8191558648421,152,78,2100.64186049265,3727.563134909378,6064.545214574392,1,,,1,,,230,1676.97540021794,0.06584068894300014,62,44.0190985797525,1097.2601307706543,197,292,13.133274539864129,303,,,Perennial,Perennial,unknown,490.79954900352897,503.1279978563591,1.0251191120241667
fj_alf_curtail_07.31_update_2025-09-30,2025,54,635.967241885541,51.0,1091.563576645775,1331.712404968815,76,123,2100.64186049265,3727.563134909378,6064.545214574392,14,,,3,,,199,1832.41470440123,0.05211408526050893,96,52.4509861872957,1121.3991156364734,194,295,,,,,,,unknown,705.0805330770943,724.7255732631342,1.0278621225015325
fj_alf_curtail_08.15_update_2025-09-30,1991,,,,,,,,2107.42951111275,3725.179967131362,6076.718556242922,,,,,,,237,376.500150474458,0.045620530477906214,45,45.69931442763345,346.63240728706853,276,282,8.894762573646465,331,,,Perennial,Perennial,dry,141.72529241917104,113.94305954248844,0.8039712432237358
fj_alf_curtail_08.15_update_2025-09-30,1992,68,116.073530138574,67.0,466.660513865594,604.374961717281,21,192,2107.42951111275,3725.179967131362,6076.718556242922,,,,,,,213,531.410037119901,0.048587790001099626,51,11.078795249180299,142.4526730964615,212,264,7.771097407283658,332,,,Perennial,Perennial,dry,144.61282938931058,179.57757432386856,1.241781763638894
fj_alf_curtail_08.15_update_2025-09-30,1993,72,140.360154018059,20.0,514.8002046051885,979.7401748266516,134,110,2107.42951111275,3725.179967131362,6076.718556242922,5,,,2,,,244,2389.22318065113,0.05374127296511324,62,,,,306,38.081142548543056,331,,,Perennial,Perennial,moderate,479.9113028434453,562.1280176055039,1.171316479263834
fj_alf_curtail_08.15_update_2025-09-30,1994,73,184.163906702788,71.0,,,,,2107.42951111275,3725.179967131362,6076.718556242922,,,,,,,222,353.780896959372,0.05987001804496985,37,7.82173559142772,11.02283772912558,183,259,5.519463449890402,301,,,Perennial,Perennial,dry,129.17170160148436,113.04832643188898,0.8751787352051875
fj_alf_curtail_08.15_update_2025-09-30,1995,,,,13.98053156424314,987.4759465897321,114,76,2107.42951111275,3725.179967131362,6076.718556242922,17,2,,6,1,,190,1644.89321079528,0.04061004725337811,147,60.7168539876025,590.0581505713867,118,337,55.58215165642723,367,,,Perennial,Perennial,wet,666.1115979371824,764.5261627582938,1.1477448600593085
fj_alf_curtail_08.15_update_2025-09-30,1996,74,2044.94727938614,3.0,947.9381116408516,1236.1412705761,119,89,2107.42951111275,3725.179967131362,6076.718556242922,12,,,3,,,208,1915.5410973716,0.060099126079044496,83,607.5071764664415,1593.0421447716333,278,291,10.680955470921672,332,,,Perennial,Perennial,wet,652.8012218715762,671.2264878781366,1.0282249257342615
fj_alf_curtail_08.15_update_2025-09-30,1997,50,1638.86858586859,49.0,,,,203,2107.42951111275,3725.179967131362,6076.718556242922,15,7,4,2,2,1,124,1784.81633763747,0.02638601992823173,38,163.236811215667,631.3202404742833,305,162,35.84179526907523,299,,,Perennial,Perennial,wet,699.6834619904038,1234.7136619900843,1.764674640840687
fj_alf_curtail_08.15_update_2025-09-30,1998,58,275.589156440534,5.0,910.8867153461877,1282.58639275342,119,101,2107.42951111275,3725.179967131362,6076.718556242922,9,3,,2,1,,220,1815.89058761298,0.035551947988620325,120,529.6459591568255,1395.268137167445,176,340,64.91862024894186,340,,,Perennial,Perennial,wet,737.5353456864958,742.0276761820672,1.006091003667614
fj_alf_curtail_08.15_update_2025-09-30,1999,55,1520.156412497,53.0,764.6529474753032,1033.0396326690052,90,150,2107.42951111275,3725.179967131362,6076.718556242922,1,,,1,,,240,1586.74233929637,0.06201548243300702,63,74.05655653488219,745.3025987235941,198,303,30.601168965609006,330,,,Perennial,Perennial,wet,639.6485116255844,517.5676130601444,0.8091437776425257
fj_alf_curtail_08.15_update_2025-09-30,2000,62,274.093621176637,61.0,878.9635645443226,967.424409597556,62,135,2107.42951111275,3725.179967131362,6076.718556242922,,,,,,,197,1548.73922090717,0.04775216196142977,106,60.4369239433315,139.0375420882684,217,303,13.46248390100924,333,,,Perennial,Perennial,moderate,457.80782944501146,423.6632607247436,0.9254172460054683
fj_alf_curtail_08.15_update_2025-09-30,2001,,,,161.0995528688103,208.9079474821135,74,154,2107.42951111275,3725.179967131362,6076.718556242922,,,,,,,228,278.498529102676,0.08156192323662637,25,10.4411866927595,685.0054252167495,303,253,6.1220096163646724,301,,,Perennial,Perennial,dry,100.94393156202297,105.34019481376599,1.043551535825032
fj_alf_curtail_08.15_update_2025-09-30,2002,68,49.5496574214716,67.0,834.4798042444938,888.645031388867,7,190,2107.42951111275,3725.179967131362,6076.718556242922,,,,,,,197,1290.86224593925,0.05009565903203583,87,10.37548833307675,60.73484484839166,158,284,8.691966756782962,331,,,Perennial,Perennial,moderate,297.2595533651196,327.36180607297405,1.1012658882349873
fj_alf_curtail_08.15_update_2025-09-30,2003,,,,757.6594785629845,1075.56568517839,166,76,2107.42951111275,3725.179967131362,6076.718556242922,8,,,5,,,242,1502.85876553692,0.05188550955114646,70,63.02567907853135,408.363838571226,154,312,55.78293258703752,366,,,Perennial,Perennial,wet,648.9376494820924,628.441506193481,0.9684158511916067
fj_alf_curtail_08.15_update_2025-09-30,2004,67,528.262413077489,13.0,598.2228729152489,928.675452803576,96,100,2107.42951111275,3725.179967131362,6076.718556242922,1,,,1,,,196,1025.87357558493,0.04572840750842283,89,15.2381389204078,370.37859496219977,195,285,9.896614094567166,332,,,Perennial,Perennial,moderate,420.8496160508874,427.80662355156176,1.0165308633662462
fj_alf_curtail_08.15_update_2025-09-30,2005,70,1171.36542481555,10.0,600.3155652971091,768.143213706908,117,114,2107.42951111275,3725.179967131362,6076.718556242922,,,,,,,231,1480.76604898061,0.051786095072270236,74,35.4059073532342,597.9199883375827,139,305,13.084446057219614,332,,,Perennial,Perennial,dry,409.75580594774516,374.9043538075981,0.9149458003174907
fj_alf_curtail_08.15_update_2025-09-30,2006,36,95.6518349460214,35.0,1777.007872431298,2405.99744299561,47,78,2107.42951111275,3725.179967131362,6076.718556242922,41,6,2,4,1,1,125,3406.1975010856,0.04086453801546487,35,183.203441775823,1346.162676126178,277,160,24.69322485403497,329,,,Perennial,Perennial,wet,901.5188450302808,1095.464446981629,1.2151320552204694
fj_alf_curtail_08.15_update_2025-09-30,2007,47,379.310020793123,1.0,391.808394730672,633.517572993153,105,71,2107.42951111275,3725.179967131362,6076.718556242922,3,1,,1,1,,176,985.252021799801,0.055693949786325504,93,10.68434431842855,42.20151644412568,144,269,9.316383434184631,330,,,Perennial,Perennial,moderate,360.2745786539297,461.6942014883892,1.2815064643566774
fj_alf_curtail_08.15_update_2025-09-30,2008,19,86.105185111716,18.0,188.2451843193763,482.73351031003597,194,47,2107.42951111275,3725.179967131362,6076.718556242922,,,,,,,241,1169.88997476837,0.06750526601017248,52,44.8820721373192,229.7824253419634,217,293,11.438985493647255,333,,,Perennial,Perennial,dry,357.85999901586075,377.0753844301254,1.0536952592273745
fj_alf_curtail_08.15_update_2025-09-30,2009,45,166.915626703952,44.0,405.3008078701516,561.4025914952805,92,144,2107.42951111275,3725.179967131362,6076.718556242922,,,,,,,236,807.365137707406,0.05876155879114926,50,11.9399317492267,69.6718850573546,171,286,9.345100015580169,330,,,Perennial,Perennial,dry,249.41081499588094,257.7022486396671,1.0332440822340567
fj_alf_curtail_08.15_update_2025-09-30,2010,72,69.8243961870855,7.0,416.2594868609692,564.807043904124,157,91,2107.42951111275,3725.179967131362,6076.718556242922,,,,,,,248,2066.12872222086,0.048372042705501606,71,129.8985273269725,869.0294179892225,154,319,27.096136438620597,331,,,Perennial,Perennial,moderate,397.10212911025695,406.28338694901237,1.0231206462159417
fj_alf_curtail_08.15_update_2025-09-30,2011,39,382.430864546574,38.0,528.4324466581932,1024.17158440288,158,107,2107.42951111275,3725.179967131362,6076.718556242922,,,,,,,265,1390.41425066674,0.038363457856442025,74,78.0269755267284,117.68700249247901,115,339,56.31416490636683,362,,,Perennial,Perennial,moderate,642.3175786220702,461.044504321012,0.7177827910456169
fj_alf_curtail_08.15_update_2025-09-30,2012,,,,199.731927936613,500.937362683046,141,88,2107.42951111275,3725.179967131362,6076.718556242922,1,,,1,,,229,1329.96334800115,0.057780732515674144,66,35.7521819665416,499.86368236781385,187,295,11.788395743396071,332,,,Perennial,Perennial,moderate,360.3450998561459,440.1958817810171,1.2215953039371108
fj_alf_curtail_08.15_update_2025-09-30,2013,52,136.08953992201,51.0,371.0596334058822,483.211525388482,105,116,2107.42951111275,3725.179967131362,6076.718556242922,1,,,1,,,221,656.910351593075,0.05765051004858675,47,13.0463245225867,51.78951918098055,174,268,9.443572639896912,302,,,Perennial,Perennial,moderate,283.25855619001,309.73661636432695,1.0934766473799133
fj_alf_curtail_08.15_update_2025-09-30,2014,,,,61.73348272295891,96.95065443654994,104,76,2107.42951111275,3725.179967131362,6076.718556242922,,,,,,,180,589.85184588503,0.04114112724535639,66,9.333162455367304,623.6242712835341,244,246,7.139197091876864,300,,,Perennial,Perennial,dry,133.86772054848245,225.2554076027531,1.6826715707105289
fj_alf_curtail_08.15_update_2025-09-30,2015,54,106.119040863974,24.0,692.5644724142301,908.2389695943175,6,124,2107.42951111275,3725.179967131362,6076.718556242922,5,2,1,1,1,1,130,6174.67261317291,0.036200560740085874,63,19.5468671062807,1022.28856468023,329,193,7.499379307629062,301,,,Perennial,Perennial,moderate,326.69050223776617,567.3787924835519,1.7367471309913143
fj_alf_curtail_08.15_update_2025-09-30,2016,71,240.716254088455,70.0,1262.74670288836,1719.49135698347,39,156,2107.42951111275,3725.179967131362,6076.718556242922,10,,,5,,,195,1863.99762454786,0.057176203184957135,96,25.556648632729498,497.6971275619901,144,291,11.323561654112972,332,,,Perennial,Perennial,wet,532.7242710977371,649.0758815646839,1.2184086905355214
fj_alf_curtail_08.15_update_2025-09-30,2017,18,202.91248372325,17.0,814.3429316490037,1449.823779397435,148,69,2107.42951111275,3725.179967131362,6076.718556242922,31,3,1,6,1,1,217,2195.54900557803,0.05365092300498432,86,57.3731967585523,255.90793215040378,165,303,40.2801537402878,330,,,Perennial,Perennial,wet,951.2927353785224,917.9865068368886,0.964988454864652
fj_alf_curtail_08.15_update_2025-09-30,2018,41,116.319281798185,39.0,252.47366950324,356.99278225072203,116,102,2107.42951111275,3725.179967131362,6076.718556242922,,,,,,,218,442.783057813752,0.058237349077163277,51,10.3738399065599,38.835418951515216,173,269,8.594764070772102,302,,,Perennial,Perennial,dry,214.1992129671643,214.38903841016932,1.0008862098061682
fj_alf_curtail_08.15_update_2025-09-30,2019,,,,199.6807028680188,767.111363287467,145,76,2107.42951111275,3725.179967131362,6076.718556242922,2,,,1,,,221,1466.19445722848,0.05778153743364782,74,48.1222009873874,159.911651678272,185,295,24.147809153208083,330,,,Perennial,Perennial,moderate,470.8192560491886,541.8057045930307,1.1507721862090232
fj_alf_curtail_08.15_update_2025-09-30,2020,75,168.302908617249,3.0,161.4316055627896,237.979596305789,117,114,2107.42951111275,3725.179967131362,6076.718556242922,,,,,,,231,372.213677477133,0.061953801535443255,39,9.96479551675662,23.416987825823337,172,270,8.267900962834343,303,,,Perennial,Perennial,dry,134.5212799959599,125.24423371633355,0.9310365893046441
fj_alf_curtail_08.15_update_2025-09-30,2021,,,,71.7707092752189,249.6417786096705,142,76,2107.42951111275,3725.179967131362,6076.718556242922,,,,,,,218,325.425344969566,0.07170380849956347,38,10.2750818687327,163.7901740595,207,256,6.810192857094721,300,,,Perennial,Perennial,dry,114.00285657349968,125.48798515163136,1.1007442174988573
fj_alf_curtail_08.15_update_2025-09-30,2022,35,52.8324336364693,34.0,223.5502188421236,264.7363850726245,134,97,2107.42951111275,3725.179967131362,6076.718556242922,,,,,,,231,314.169485700727,0.05187266030514771,54,15.6922491575853,46.742614728555345,157,285,12.47920311844974,332,,,Perennial,Perennial,moderate,152.00157255880228,115.58956633137274,0.7604498057851116
fj_alf_curtail_08.15_update_2025-09-30,2023,,,,354.234680208894,671.195072987957,166,76,2107.42951111275,3725.179967131362,6076.718556242922,,,,,,,242,1634.45400728265,0.06642287522384338,56,41.91883030265585,79.0073335651663,146,298,20.848162243703012,329,,,Perennial,Perennial,wet,438.3904014175051,498.1231463260311,1.1362546823912756
fj_alf_curtail_08.15_update_2025-09-30,2024,,,,388.7947076929717,877.0376440413061,152,78,2107.42951111275,3725.179967131362,6076.718556242922,1,,,1,,,230,1679.56207693786,0.0671627509334794,61,30.1024900774651,296.311588719326,153,291,10.802584017994686,333,,,Perennial,Perennial,unknown,489.5752729177922,510.5074138087794,1.0427557151043085
fj_alf_curtail_08.15_update_2025-09-30,2025,54,629.78930062202,4.0,658.196312294063,1251.86193782206,121,78,2107.42951111275,3725.179967131362,6076.718556242922,14,,,3,,,199,1833.12528944944,0.052180969474552474,96,38.4965378560795,299.79776760524106,149,295,,,,,,,unknown,703.3165279393208,730.3871623291644,1.0384899733113895
fj_basecase_0_curtail_update_2025-09-30,1991,,,,,,,,2118.29285848763,3737.71667383173,6089.607755635592,,,,,,,237,376.500150474458,0.045620530477906214,45,18.7597863616494,349.75889566491753,276,282,6.994420446395081,330,,,Perennial,Perennial,dry,141.5141966133854,114.1891193950444,0.8069092863312316
fj_basecase_0_curtail_update_2025-09-30,1992,68,94.7813324976936,67.0,473.603851483024,611.539710850739,21,192,2118.29285848763,3737.71667383173,6089.607755635592,,,,,,,213,538.71559531238,0.04828972699250527,51,10.47767361026495,120.42017213433223,212,264,6.438919920765974,332,,,Perennial,Perennial,dry,141.85724457952924,183.0050215014441,1.2900646847038273
fj_basecase_0_curtail_update_2025-09-30,1993,72,75.6887889880355,20.0,515.070120652519,1005.13981972363,133,110,2118.29285848763,3737.71667383173,6089.607755635592,5,,,2,,,243,2416.10504015241,0.05419727097944895,64,,,,307,11.85847024893717,333,,,Perennial,Perennial,moderate,478.29449045285935,573.952564479166,1.1999982770776547
fj_basecase_0_curtail_update_2025-09-30,1994,73,181.56092964826,72.0,,,,,2118.29285848763,3737.71667383173,6089.607755635592,,,,,,,222,353.173823940764,0.05617002701329929,36,7.0766919710143945,10.357478833991241,184,258,4.790942194545739,331,,,Perennial,Perennial,dry,127.49943379102656,113.17434077360708,0.8876458303265996
fj_basecase_0_curtail_update_2025-09-30,1995,,,,13.03659798866861,992.749031264398,114,76,2118.29285848763,3737.71667383173,6089.607755635592,17,2,,6,1,,190,1654.38741998438,0.05055998828711081,135,54.628646311359546,570.3030074519229,130,325,24.2083754416425,332,,,Perennial,Perennial,wet,662.8314834823251,768.6955584328412,1.159714916368089
fj_basecase_0_curtail_update_2025-09-30,1996,74,2041.40068953093,3.0,965.4145554507949,1238.48585381079,119,89,2118.29285848763,3737.71667383173,6089.607755635592,12,,,3,,,208,1916.0250391013,0.06009826202872988,83,607.8088838885494,1601.511840326809,278,291,8.234805783173066,332,,,Perennial,Perennial,wet,655.0803080226809,676.1343088714169,1.0321395721881583
fj_basecase_0_curtail_update_2025-09-30,1997,50,1615.53605474414,49.0,,,,203,2118.29285848763,3737.71667383173,6089.607755635592,15,7,4,2,2,1,124,1789.42768104493,0.026414028469313486,38,164.334365717074,633.6447384922611,305,162,35.833579937800955,299,,,Perennial,Perennial,wet,698.8197404250595,1241.8771170396374,1.777106520036571
fj_basecase_0_curtail_update_2025-09-30,1998,58,277.977135024422,5.0,910.095127281097,1282.32071528357,119,101,2118.29285848763,3737.71667383173,6089.607755635592,9,2,,2,1,,220,1815.58628472636,0.05156533058351547,106,540.5207102261825,1396.80067108453,190,326,25.239231001142073,331,,,Perennial,Perennial,wet,733.9340754975736,745.0755154634167,1.0151804369599404
fj_basecase_0_curtail_update_2025-09-30,1999,55,1528.69303833785,54.0,765.3292601298988,1034.77511964898,90,150,2118.29285848763,3737.71667383173,6089.607755635592,1,,,1,,,240,1587.34338348008,0.06187983790171647,63,70.12101077646315,747.156442972713,198,303,11.591455983483957,332,,,Perennial,Perennial,wet,639.8263702347631,524.7712976542458,0.8201776639210703
fj_basecase_0_curtail_update_2025-09-30,2000,62,272.11503931175,61.0,880.1210027474339,970.51452468611,62,135,2118.29285848763,3737.71667383173,6089.607755635592,,,,,,,197,1550.20126446048,0.04857369681219363,106,49.8254306351759,137.9402401848248,217,303,9.84658159666371,333,,,Perennial,Perennial,moderate,456.569564319259,427.0290412787281,0.9352989657018081
fj_basecase_0_curtail_update_2025-09-30,2001,,,,160.34059449309729,207.843872429253,74,154,2118.29285848763,3737.71667383173,6089.607755635592,,,,,,,228,277.857837665768,0.08280011600879061,24,10.2523605184093,683.3914672861756,304,252,5.012470199925202,330,,,Perennial,Perennial,dry,96.99834369804307,106.54686766186803,1.09844007227123
fj_basecase_0_curtail_update_2025-09-30,2002,68,47.8193613705239,67.0,842.6791913671532,897.541057536238,7,190,2118.29285848763,3737.71667383173,6089.607755635592,,,,,,,197,1301.35323612177,0.049966869977861046,87,9.561304194807754,27.41674688861564,158,284,6.6362420810627345,331,,,Perennial,Perennial,moderate,296.1953548990553,329.1357322885345,1.111211660968503
fj_basecase_0_curtail_update_2025-09-30,2003,,,,768.4005325548214,1079.546637260075,166,76,2118.29285848763,3737.71667383173,6089.607755635592,8,,,5,,,242,1502.60874260106,0.05281475796950047,63,50.070328039538,88.03660881696979,125,305,35.17302149004197,330,,,Perennial,Perennial,wet,645.6491873840216,635.9152472707046,0.9849237940610504
fj_basecase_0_curtail_update_2025-09-30,2004,55,94.9531399864271,2.0,383.8125214547326,666.889933082865,119,64,2118.29285848763,3737.71667383173,6089.607755635592,2,,,1,,,183,1045.27440714325,0.04642946191946688,102,14.4234557172301,363.1055311679566,195,285,7.822131012927906,331,,,Perennial,Perennial,moderate,422.60600172206546,433.47494442875177,1.0257188555354082
fj_basecase_0_curtail_update_2025-09-30,2005,70,1153.28742181633,21.0,603.5850249398488,772.5492088669,117,114,2118.29285848763,3737.71667383173,6089.607755635592,,,,,,,231,1481.20605174414,0.052940382482248194,74,14.2501604346655,624.1957435211806,139,305,9.016717582858783,331,,,Perennial,Perennial,dry,407.34570123352916,382.82214940627944,0.9397967089060049
fj_basecase_0_curtail_update_2025-09-30,2006,36,73.8355946268808,35.0,1798.061667460116,2441.78113267514,47,78,2118.29285848763,3737.71667383173,6089.607755635592,41,6,2,4,1,1,125,3408.93540959604,0.040864859118936225,35,180.556668812227,1346.2975748833321,277,160,13.260372772939455,336,,,Perennial,Perennial,wet,899.1618274091427,1105.723905404123,1.22972736575147
fj_basecase_0_curtail_update_2025-09-30,2007,47,374.84045923296,1.0,393.1141332799844,631.234708678375,105,71,2118.29285848763,3737.71667383173,6089.607755635592,3,1,,1,1,,176,987.505171111414,0.05554516307362948,94,10.1385592091373,23.17014974972766,138,270,7.481065780093057,330,,,Perennial,Perennial,moderate,360.6400717527856,463.1050442409098,1.2841197651445753
fj_basecase_0_curtail_update_2025-09-30,2008,19,44.9667251539048,18.0,83.72055079407096,481.171776395344,199,42,2118.29285848763,3737.71667383173,6089.607755635592,,,,,,,241,1170.47323899833,0.0673866196559009,52,25.670429505273,228.617086299633,217,293,9.68388375044151,332,,,Perennial,Perennial,dry,357.47941550648875,381.7796519295101,1.0679766033201996
fj_basecase_0_curtail_update_2025-09-30,2009,45,140.243088350151,44.0,413.8671389045378,564.8876463611305,92,144,2118.29285848763,3737.71667383173,6089.607755635592,,,,,,,236,808.569024506939,0.058919601137184634,50,15.611485863525651,505.19141076701277,258,286,7.382686755992618,330,,,Perennial,Perennial,dry,246.62562727206003,262.21375595796917,1.063205632189689
fj_basecase_0_curtail_update_2025-09-30,2010,72,55.3734547050285,71.0,587.2039489013686,931.2406096484344,70,178,2118.29285848763,3737.71667383173,6089.607755635592,,,,,,,248,2068.41416156342,0.05853726045030517,65,97.40007444454841,877.6740642019666,160,313,9.650090568917687,332,,,Perennial,Perennial,moderate,392.76324903995464,413.4166157487479,1.0525847740573413
fj_basecase_0_curtail_update_2025-09-30,2011,39,378.675946768887,38.0,541.1058423731264,1029.12665314614,158,107,2118.29285848763,3737.71667383173,6089.607755635592,,,,,,,265,1390.88388668652,0.048342515732660976,72,74.70517742242836,114.2488736250265,116,337,49.60336631165127,337,,,Perennial,Perennial,moderate,643.8618010846686,467.6517535596132,0.7263231842171616
fj_basecase_0_curtail_update_2025-09-30,2012,,,,192.6787751937952,486.8679217856565,142,87,2118.29285848763,3737.71667383173,6089.607755635592,1,,,1,,,229,1347.63486447149,0.05879702477208992,66,21.146291661784,505.82631043507746,187,295,8.282487531788897,332,,,Perennial,Perennial,moderate,360.34630953848887,444.18330761448624,1.2326567411870293
fj_basecase_0_curtail_update_2025-09-30,2013,52,123.850420599294,51.0,374.6378805709334,490.095024265011,105,116,2118.29285848763,3737.71667383173,6089.607755635592,1,,,1,,,221,659.56442864342,0.05834084244577028,47,10.90969583133375,43.37248662261301,174,268,7.981508649855464,330,,,Perennial,Perennial,moderate,282.8488723892848,313.3096764170905,1.1076928600439406
fj_basecase_0_curtail_update_2025-09-30,2014,,,,58.153017355401765,96.3019926755469,104,76,2118.29285848763,3737.71667383173,6089.607755635592,,,,,,,180,600.303515802015,0.041832619335235105,68,8.75864146656978,562.6847550521222,227,248,6.68116428743129,329,,,Perennial,Perennial,dry,134.0079613634285,229.94232950083486,1.7158855874035208
fj_basecase_0_curtail_update_2025-09-30,2015,54,105.24609827027,24.0,437.497016253246,566.355248704582,21,109,2118.29285848763,3737.71667383173,6089.607755635592,5,2,1,1,1,1,130,6196.45980063888,0.036199570049942946,63,13.2143759449984,1026.620399040022,329,193,6.619662580740387,330,,,Perennial,Perennial,moderate,327.2052633221617,571.6255687417282,1.746993807305947
fj_basecase_0_curtail_update_2025-09-30,2016,71,191.733756754927,70.0,1262.158288602826,1715.24113056772,39,156,2118.29285848763,3737.71667383173,6089.607755635592,10,,,5,,,195,1863.63160274132,0.05717495774466359,96,13.836577660575301,489.0387519550727,144,291,9.660570873610762,332,,,Perennial,Perennial,wet,532.0528453194353,652.5800192424142,1.226532335994964
fj_basecase_0_curtail_update_2025-09-30,2017,18,162.104207724968,17.0,831.9676561858887,1455.1362660845548,148,69,2118.29285848763,3737.71667383173,6089.607755635592,31,3,1,6,1,1,217,2195.84309010042,0.05246344963780574,90,54.1770191366887,255.62517856773,161,307,15.73690516096817,331,,,Perennial,Perennial,wet,948.3401662451132,924.5178210117518,0.9748799575497427
fj_basecase_0_curtail_update_2025-09-30,2018,41,113.251279249814,40.0,252.09232015036253,356.0055983449815,116,102,2118.29285848763,3737.71667383173,6089.607755635592,,,,,,,218,447.131176158774,0.05841711731334455,51,9.78886961850592,21.16212791916612,173,269,7.25025103335265,330,,,Perennial,Perennial,dry,214.56720236144866,217.31907343080127,1.0128252176430812
fj_basecase_0_curtail_update_2025-09-30,2019,,,,186.914891449566,773.984030697918,145,76,2118.29285848763,3737.71667383173,6089.607755635592,2,,,1,,,221,1472.16811295441,0.056706261751873765,75,44.03092940185215,159.2602546655325,184,296,10.593334807802528,331,,,Perennial,Perennial,moderate,468.6097714988388,548.6091282628151,1.1707163649364374
fj_basecase_0_curtail_update_2025-09-30,2020,75,166.301028881929,3.0,162.6833747996118,238.337418896875,117,114,2118.29285848763,3737.71667383173,6089.607755635592,,,,,,,231,372.691459576874,0.06160091283569817,39,9.379840556248954,13.05315202482727,172,270,6.938462114710264,331,,,Perennial,Perennial,dry,133.66401754804735,125.92955964226249,0.942135078327983
fj_basecase_0_curtail_update_2025-09-30,2021,,,,51.13851455342796,253.96889821621,142,76,2118.29285848763,3737.71667383173,6089.607755635592,,,,,,,218,331.8588516097,0.0714871113058034,38,9.256614440917701,120.21552813652882,192,256,6.383021381109537,330,,,Perennial,Perennial,dry,112.47538272319193,128.65524488753255,1.1438524748491867
fj_basecase_0_curtail_update_2025-09-30,2022,36,45.2145245737068,5.0,211.3291770319252,264.036580398675,149,82,2118.29285848763,3737.71667383173,6089.607755635592,,,,,,,231,304.444333305448,0.050684672184912107,54,12.4456864166665,20.7926467467284,157,285,10.200197374783613,331,,,Perennial,Perennial,moderate,149.09869760161547,117.94805482692064,0.7910736761904665
fj_basecase_0_curtail_update_2025-09-30,2023,,,,363.232704024286,676.8425585278305,166,76,2118.29285848763,3737.71667383173,6089.607755635592,,,,,,,242,1629.21210905559,0.06355765975291101,55,79.8147028719663,999.5212644165583,265,297,9.92951857035667,331,,,Perennial,Perennial,wet,433.94131048164553,503.1689476450407,1.159532258144672
fj_basecase_0_curtail_update_2025-09-30,2024,69,163.772699021737,68.0,1030.46310891578,1285.095287284855,34,196,2118.29285848763,3737.71667383173,6089.607755635592,1,,,1,,,230,1671.27118231989,0.06711539618071,61,23.876415822363903,1097.824249873411,198,291,9.46560915544998,333,,,Perennial,Perennial,unknown,490.48486568719323,514.9103571130952,1.0497986648205355
fj_basecase_0_curtail_update_2025-09-30,2025,54,625.302089903167,53.0,1100.524734646715,1353.26422263323,76,123,2118.29285848763,3737.71667383173,6089.607755635592,14,,,3,,,199,1834.35026695273,0.05212045904904122,96,30.708715176208948,1130.0526763501714,194,295,,,,,,,unknown,702.1452345010616,738.3633750976132,1.051582121214976
fj_basecase_0_mar_0_curt_update_2025-09-30,1991,,,,,,,,2118.29285848763,3737.136597731402,6089.607755635592,,,,,,,237,376.500150474458,0.045620530477906214,45,18.7597863616494,349.75889566491753,276,282,6.994420446395081,330,,,Perennial,Perennial,dry,141.5141966133854,114.1891193950444,0.8069092863312316
fj_basecase_0_mar_0_curt_update_2025-09-30,1992,68,94.7813324976936,67.0,473.603851483024,611.539710850739,21,192,2118.29285848763,3737.136597731402,6089.607755635592,,,,,,,213,538.71559531238,0.04828972699250527,51,10.47767361026495,120.42017213433223,212,264,6.438919920765974,332,,,Perennial,Perennial,dry,141.85724457952924,183.0050215014441,1.2900646847038273
fj_basecase_0_mar_0_curt_update_2025-09-30,1993,72,75.6887889880355,20.0,515.070120652519,1005.13981972363,133,110,2118.29285848763,3737.136597731402,6089.607755635592,5,,,2,,,243,2416.10504015241,0.05419727097944895,64,,,,307,11.85847024893717,333,,,Perennial,Perennial,moderate,478.29449045285935,573.952564479166,1.1999982770776547
fj_basecase_0_mar_0_curt_update_2025-09-30,1994,73,181.56092964826,72.0,,,,,2118.29285848763,3737.136597731402,6089.607755635592,,,,,,,222,353.173823940764,0.05617002701329929,36,7.0766919710143945,10.357478833991241,184,258,4.790942194545739,331,,,Perennial,Perennial,dry,127.49943379102656,113.17434077360708,0.8876458303265996
fj_basecase_0_mar_0_curt_update_2025-09-30,1995,,,,13.03659798866861,992.749031264398,114,76,2118.29285848763,3737.136597731402,6089.607755635592,17,2,,6,1,,190,1654.38741998438,0.05055998828711081,135,54.628646311359546,570.3030074519229,130,325,24.2083754416425,332,,,Perennial,Perennial,wet,662.8314834823251,768.6955584328412,1.159714916368089
fj_basecase_0_mar_0_curt_update_2025-09-30,1996,74,2041.40068953093,3.0,965.4145554507949,1238.48585381079,119,89,2118.29285848763,3737.136597731402,6089.607755635592,12,,,3,,,208,1916.0250391013,0.06009826202872988,83,607.8088838885494,1601.511840326809,278,291,8.234805783173066,332,,,Perennial,Perennial,wet,655.0803080226809,676.1343088714169,1.0321395721881583
fj_basecase_0_mar_0_curt_update_2025-09-30,1997,50,1615.53605474414,49.0,,,,203,2118.29285848763,3737.136597731402,6089.607755635592,15,7,4,2,2,1,124,1789.42768104493,0.026414028469313486,38,164.334365717074,633.6447384922611,305,162,35.833579937800955,299,,,Perennial,Perennial,wet,698.8197404250595,1241.8771170396374,1.777106520036571
fj_basecase_0_mar_0_curt_update_2025-09-30,1998,58,277.977135024422,5.0,910.095127281097,1282.32071528357,119,101,2118.29285848763,3737.136597731402,6089.607755635592,9,2,,2,1,,220,1815.58628472636,0.05156533058351547,106,540.5207102261825,1396.80067108453,190,326,25.239231001142073,331,,,Perennial,Perennial,wet,733.9340754975736,745.0755154634167,1.0151804369599404
fj_basecase_0_mar_0_curt_update_2025-09-30,1999,55,1528.69303833785,54.0,765.3292601298988,1034.77511964898,90,150,2118.29285848763,3737.136597731402,6089.607755635592,1,,,1,,,240,1587.34338348008,0.06187983790171647,63,70.12101077646315,747.156442972713,198,303,11.591455983483957,332,,,Perennial,Perennial,wet,639.8263702347631,524.7712976542458,0.8201776639210703
fj_basecase_0_mar_0_curt_update_2025-09-30,2000,62,272.11503931175,61.0,880.1210027474339,970.51452468611,62,135,2118.29285848763,3737.136597731402,6089.607755635592,,,,,,,197,1550.20126446048,0.04857369681219363,106,49.8254306351759,137.9402401848248,217,303,9.84658159666371,333,,,Perennial,Perennial,moderate,456.569564319259,427.0290412787281,0.9352989657018081
fj_basecase_0_mar_0_curt_update_2025-09-30,2001,,,,160.34059449309729,207.843872429253,74,154,2118.29285848763,3737.136597731402,6089.607755635592,,,,,,,228,277.857837665768,0.08280011600879061,24,10.2523605184093,683.3914672861756,304,252,5.012470199925202,330,,,Perennial,Perennial,dry,96.99834369804307,106.54686766186803,1.09844007227123
fj_basecase_0_mar_0_curt_update_2025-09-30,2002,68,47.8193613705239,67.0,842.6791913671532,897.541057536238,7,190,2118.29285848763,3737.136597731402,6089.607755635592,,,,,,,197,1301.35323612177,0.049966869977861046,87,9.561304194807754,27.41674688861564,158,284,6.6362420810627345,331,,,Perennial,Perennial,moderate,296.1953548990553,329.1357322885345,1.111211660968503
fj_basecase_0_mar_0_curt_update_2025-09-30,2003,,,,768.4005325548214,1079.546637260075,166,76,2118.29285848763,3737.136597731402,6089.607755635592,8,,,5,,,242,1502.60874260106,0.05281475796950047,63,50.070328039538,88.03660881696979,125,305,35.17302149004197,330,,,Perennial,Perennial,wet,645.6491873840216,635.9152472707046,0.9849237940610504
fj_basecase_0_mar_0_curt_update_2025-09-30,2004,55,94.9531399864271,2.0,383.8125214547326,666.889933082865,119,64,2118.29285848763,3737.136597731402,6089.607755635592,2,,,1,,,183,1045.27440714325,0.04642946191946688,102,14.4234557172301,363.1055311679566,195,285,7.822131012927906,331,,,Perennial,Perennial,moderate,422.60600172206546,433.47494442875177,1.0257188555354082
fj_basecase_0_mar_0_curt_update_2025-09-30,2005,70,1153.28742181633,21.0,603.5850249398488,772.5492088669,117,114,2118.29285848763,3737.136597731402,6089.607755635592,,,,,,,231,1481.20605174414,0.052940382482248194,74,14.2501604346655,624.1957435211806,139,305,9.016717582858783,331,,,Perennial,Perennial,dry,407.34570123352916,382.82214940627944,0.9397967089060049
fj_basecase_0_mar_0_curt_update_2025-09-30,2006,36,73.8355946268808,35.0,1798.061667460116,2441.78113267514,47,78,2118.29285848763,3737.136597731402,6089.607755635592,41,6,2,4,1,1,125,3408.93540959604,0.040864859118936225,35,180.556668812227,1346.2975748833321,277,160,13.260372772939455,336,,,Perennial,Perennial,wet,899.1618274091427,1105.723905404123,1.22972736575147
fj_basecase_0_mar_0_curt_update_2025-09-30,2007,47,374.84045923296,1.0,393.1141332799844,631.234708678375,105,71,2118.29285848763,3737.136597731402,6089.607755635592,3,1,,1,1,,176,987.505171111414,0.05554516307362948,94,10.1385592091373,23.17014974972766,138,270,7.481065780093057,330,,,Perennial,Perennial,moderate,360.6400717527856,463.1050442409098,1.2841197651445753
fj_basecase_0_mar_0_curt_update_2025-09-30,2008,19,44.9667251539048,18.0,83.72055079407096,481.171776395344,199,42,2118.29285848763,3737.136597731402,6089.607755635592,,,,,,,241,1170.47323899833,0.0673866196559009,52,25.670429505273,228.617086299633,217,293,9.68388375044151,332,,,Perennial,Perennial,dry,357.47941550648875,381.7796519295101,1.0679766033201996
fj_basecase_0_mar_0_curt_update_2025-09-30,2009,45,140.243088350151,44.0,413.8671389045378,564.8876463611305,92,144,2118.29285848763,3737.136597731402,6089.607755635592,,,,,,,236,808.569024506939,0.058919601137184634,50,15.611485863525651,505.19141076701277,258,286,7.382686755992618,330,,,Perennial,Perennial,dry,246.62562727206003,262.21375595796917,1.063205632189689
fj_basecase_0_mar_0_curt_update_2025-09-30,2010,72,55.3734547050285,71.0,587.2039489013686,931.2406096484344,70,178,2118.29285848763,3737.136597731402,6089.607755635592,,,,,,,248,2068.41416156342,0.05853726045030517,65,97.40007444454841,877.6740642019666,160,313,9.650090568917687,332,,,Perennial,Perennial,moderate,392.76324903995464,413.4166157487479,1.0525847740573413
fj_basecase_0_mar_0_curt_update_2025-09-30,2011,39,378.675946768887,38.0,541.1058423731264,1029.12665314614,158,107,2118.29285848763,3737.136597731402,6089.607755635592,,,,,,,265,1390.88388668652,0.048342515732660976,72,74.70517742242836,114.2488736250265,116,337,49.60336631165127,337,,,Perennial,Perennial,moderate,643.8618010846686,467.6517535596132,0.7263231842171616
fj_basecase_0_mar_0_curt_update_2025-09-30,2012,,,,192.6787751937952,486.8679217856565,142,87,2118.29285848763,3737.136597731402,6089.607755635592,1,,,1,,,229,1347.63486447149,0.05879702477208992,66,21.146291661784,505.82631043507746,187,295,8.282487531788897,332,,,Perennial,Perennial,moderate,360.34630953848887,444.18330761448624,1.2326567411870293
fj_basecase_0_mar_0_curt_update_2025-09-30,2013,52,123.850420599294,51.0,374.6378805709334,490.095024265011,105,116,2118.29285848763,3737.136597731402,6089.607755635592,1,,,1,,,221,659.56442864342,0.05834084244577028,47,10.90969583133375,43.37248662261301,174,268,7.981508649855464,330,,,Perennial,Perennial,moderate,282.8488723892848,313.3096764170905,1.1076928600439406
fj_basecase_0_mar_0_curt_update_2025-09-30,2014,,,,58.153017355401765,96.3019926755469,104,76,2118.29285848763,3737.136597731402,6089.607755635592,,,,,,,180,600.303515802015,0.041832619335235105,68,8.75864146656978,562.6847550521222,227,248,6.68116428743129,329,,,Perennial,Perennial,dry,134.0079613634285,229.94232950083486,1.7158855874035208
fj_basecase_0_mar_0_curt_update_2025-09-30,2015,54,105.24609827027,24.0,437.497016253246,566.355248704582,21,109,2118.29285848763,3737.136597731402,6089.607755635592,5,2,1,1,1,1,130,6196.45980063888,0.036199570049942946,63,13.2143759449984,1026.620399040022,329,193,6.619662580740387,330,,,Perennial,Perennial,moderate,327.2052633221617,571.6255687417282,1.746993807305947
fj_basecase_0_mar_0_curt_update_2025-09-30,2016,71,191.733756754927,70.0,1262.158288602826,1715.24113056772,39,156,2118.29285848763,3737.136597731402,6089.607755635592,10,,,5,,,195,1863.63160274132,0.05717495774466359,96,13.836577660575301,489.0387519550727,144,291,9.660570873610762,332,,,Perennial,Perennial,wet,532.0528453194353,652.5800192424142,1.226532335994964
fj_basecase_0_mar_0_curt_update_2025-09-30,2017,18,162.104207724968,17.0,831.9676561858887,1455.1362660845548,148,69,2118.29285848763,3737.136597731402,6089.607755635592,31,3,1,6,1,1,217,2195.84309010042,0.05246344963780574,90,54.1770191366887,255.62517856773,161,307,15.73690516096817,331,,,Perennial,Perennial,wet,948.3401662451132,924.5178210117518,0.9748799575497427
fj_basecase_0_mar_0_curt_update_2025-09-30,2018,41,113.251279249814,40.0,252.09232015036253,356.0055983449815,116,102,2118.29285848763,3737.136597731402,6089.607755635592,,,,,,,218,447.131176158774,0.05841711731334455,51,9.78886961850592,21.16212791916612,173,269,7.25025103335265,330,,,Perennial,Perennial,dry,214.56720236144866,217.31907343080127,1.0128252176430812
fj_basecase_0_mar_0_curt_update_2025-09-30,2019,,,,186.914891449566,773.984030697918,145,76,2118.29285848763,3737.136597731402,6089.607755635592,2,,,1,,,221,1472.16811295441,0.056706261751873765,75,44.03092940185215,159.2602546655325,184,296,10.593334807802528,331,,,Perennial,Perennial,moderate,468.6097714988388,548.6091282628151,1.1707163649364374
fj_basecase_0_mar_0_curt_update_2025-09-30,2020,75,166.301028881929,3.0,162.6833747996118,238.337418896875,117,114,2118.29285848763,3737.136597731402,6089.607755635592,,,,,,,231,372.691459576874,0.06160091283569817,39,9.379840556248954,13.05315202482727,172,270,6.938462114710264,331,,,Perennial,Perennial,dry,133.66401754804735,125.92955964226249,0.942135078327983
fj_basecase_0_mar_0_curt_update_2025-09-30,2021,,,,51.13851455342796,253.96889821621,142,76,2118.29285848763,3737.136597731402,6089.607755635592,,,,,,,218,331.8588516097,0.0714871113058034,38,9.256614440917701,120.21552813652882,192,256,6.383021381109537,330,,,Perennial,Perennial,dry,112.47538272319193,128.65524488753255,1.1438524748491867
fj_basecase_0_mar_0_curt_update_2025-09-30,2022,36,45.2145245737068,5.0,211.3291770319252,264.036580398675,149,82,2118.29285848763,3737.136597731402,6089.607755635592,,,,,,,231,304.444333305448,0.050684672184912107,54,12.4456864166665,20.7926467467284,157,285,10.200197374783613,331,,,Perennial,Perennial,moderate,149.09869760161547,117.94805482692064,0.7910736761904665
fj_basecase_0_mar_0_curt_update_2025-09-30,2023,,,,363.232704024286,676.8425585278305,166,76,2118.29285848763,3737.136597731402,6089.607755635592,,,,,,,242,1629.21210905559,0.06355765975291101,55,79.8147028719663,1003.4196766393808,265,297,9.92951857035667,331,,,Perennial,Perennial,wet,433.94131048164553,503.1689476450407,1.159532258144672
fj_basecase_0_mar_0_curt_update_2025-09-30,2024,69,163.772699021737,68.0,1026.841499917776,1281.01209025073,34,196,2118.29285848763,3737.136597731402,6089.607755635592,1,,,1,,,230,1668.74818644583,0.06730355661607842,61,22.9422905684947,1089.4553441756034,199,291,9.456148935459822,333,,,Perennial,Perennial,unknown,490.82482484663353,515.3605231028453,1.0499887067934641
fj_basecase_0_mar_0_curt_update_2025-09-30,2025,54,624.648237213138,31.0,1103.67280012246,1363.51134133516,75,124,2118.29285848763,3737.136597731402,6089.607755635592,14,,,3,,,199,1834.28486942169,0.05213838460111597,96,30.7633145530378,1121.6785878980256,195,295,,,,,,,unknown,701.9367607745685,738.3769553790743,1.05191378574374
fj_basecase_0_mar_update_2025-09-30,1991,,,,,,,,2118.29285848763,3728.2863498557617,6089.607755635592,,,,,,,237,376.500150474458,0.045620530477906214,45,18.7597863616494,349.75889566491753,276,282,6.994420446395081,330,,,Perennial,Perennial,dry,141.5141966133854,114.1891193950444,0.8069092863312316
fj_basecase_0_mar_update_2025-09-30,1992,68,94.7813324976936,67.0,473.603851483024,611.539710850739,21,192,2118.29285848763,3728.2863498557617,6089.607755635592,,,,,,,213,538.71559531238,0.04828972699250527,51,10.47767361026495,120.42017213433223,212,264,6.438919920765974,332,,,Perennial,Perennial,dry,141.85724457952924,183.0050215014441,1.2900646847038273
fj_basecase_0_mar_update_2025-09-30,1993,72,75.6887889880355,20.0,515.070120652519,1005.13981972363,133,110,2118.29285848763,3728.2863498557617,6089.607755635592,5,,,2,,,243,2416.10504015241,0.05419727097944895,64,,,,307,11.85847024893717,333,,,Perennial,Perennial,moderate,478.29449045285935,573.952564479166,1.1999982770776547
fj_basecase_0_mar_update_2025-09-30,1994,73,181.56092964826,72.0,,,,,2118.29285848763,3728.2863498557617,6089.607755635592,,,,,,,222,353.173823940764,0.05617002701329929,36,7.0766919710143945,10.357478833991241,184,258,4.790942194545739,331,,,Perennial,Perennial,dry,127.49943379102656,113.17434077360708,0.8876458303265996
fj_basecase_0_mar_update_2025-09-30,1995,,,,13.03659798866861,992.749031264398,114,76,2118.29285848763,3728.2863498557617,6089.607755635592,17,2,,6,1,,190,1654.38741998438,0.05055998828711081,135,54.628646311359546,570.3030074519229,130,325,24.2083754416425,332,,,Perennial,Perennial,wet,662.8314834823251,768.6955584328412,1.159714916368089
fj_basecase_0_mar_update_2025-09-30,1996,74,2041.40068953093,3.0,965.4145554507949,1238.48585381079,119,89,2118.29285848763,3728.2863498557617,6089.607755635592,12,,,3,,,208,1916.0250391013,0.06009826202872988,83,607.8088838885494,1601.511840326809,278,291,8.234805783173066,332,,,Perennial,Perennial,wet,655.0803080226809,676.1343088714169,1.0321395721881583
fj_basecase_0_mar_update_2025-09-30,1997,50,1615.53605474414,49.0,,,,203,2118.29285848763,3728.2863498557617,6089.607755635592,15,7,4,2,2,1,124,1789.42768104493,0.026414028469313486,38,164.334365717074,633.6447384922611,305,162,35.833579937800955,299,,,Perennial,Perennial,wet,698.8197404250595,1241.8771170396374,1.777106520036571
fj_basecase_0_mar_update_2025-09-30,1998,58,277.977135024422,5.0,910.095127281097,1282.32071528357,119,101,2118.29285848763,3728.2863498557617,6089.607755635592,9,3,,2,1,,220,1815.58628472636,0.05156533058351547,106,540.5207102261825,1396.80067108453,190,326,25.239231001142073,331,,,Perennial,Perennial,wet,733.9340754975736,745.0755154634167,1.0151804369599404
fj_basecase_0_mar_update_2025-09-30,1999,55,1528.69303833785,54.0,765.3292601298988,1034.77511964898,90,150,2118.29285848763,3728.2863498557617,6089.607755635592,1,,,1,,,240,1587.34338348008,0.06187983790171647,63,70.12101077646315,747.156442972713,198,303,11.591455983483957,332,,,Perennial,Perennial,wet,639.8263702347631,524.7712976542458,0.8201776639210703
fj_basecase_0_mar_update_2025-09-30,2000,62,272.11503931175,61.0,880.1210027474339,970.51452468611,62,135,2118.29285848763,3728.2863498557617,6089.607755635592,,,,,,,197,1550.20126446048,0.04857369681219363,106,49.8254306351759,137.9402401848248,217,303,9.84658159666371,333,,,Perennial,Perennial,moderate,456.569564319259,427.0290412787281,0.9352989657018081
fj_basecase_0_mar_update_2025-09-30,2001,,,,160.34059449309729,207.843872429253,74,154,2118.29285848763,3728.2863498557617,6089.607755635592,,,,,,,228,277.857837665768,0.08280011600879061,24,10.2523605184093,683.3914672861756,304,252,5.012470199925202,330,,,Perennial,Perennial,dry,96.99834369804307,106.54686766186803,1.09844007227123
fj_basecase_0_mar_update_2025-09-30,2002,68,47.8193613705239,67.0,842.6791913671532,897.541057536238,7,190,2118.29285848763,3728.2863498557617,6089.607755635592,,,,,,,197,1301.35323612177,0.049966869977861046,87,9.561304194807754,27.41674688861564,158,284,6.6362420810627345,331,,,Perennial,Perennial,moderate,296.1953548990553,329.1357322885345,1.111211660968503
fj_basecase_0_mar_update_2025-09-30,2003,,,,768.4005325548214,1079.546637260075,166,76,2118.29285848763,3728.2863498557617,6089.607755635592,8,,,5,,,242,1502.60874260106,0.05281475796950047,63,50.070328039538,88.03660881696979,125,305,35.17302149004197,330,,,Perennial,Perennial,wet,645.6491873840216,635.9152472707046,0.9849237940610504
fj_basecase_0_mar_update_2025-09-30,2004,55,94.9531399864271,2.0,383.8125214547326,666.889933082865,119,64,2118.29285848763,3728.2863498557617,6089.607755635592,2,,,1,,,183,1045.27440714325,0.04642946191946688,102,14.4234557172301,363.1055311679566,195,285,7.822131012927906,331,,,Perennial,Perennial,moderate,422.60600172206546,433.47494442875177,1.0257188555354082
fj_basecase_0_mar_update_2025-09-30,2005,70,1153.28742181633,21.0,603.5850249398488,772.5492088669,117,114,2118.29285848763,3728.2863498557617,6089.607755635592,,,,,,,231,1481.20605174414,0.052940382482248194,74,14.2501604346655,624.1957435211806,139,305,9.016717582858783,331,,,Perennial,Perennial,dry,407.34570123352916,382.82214940627944,0.9397967089060049
fj_basecase_0_mar_update_2025-09-30,2006,36,73.8355946268808,35.0,1798.061667460116,2441.78113267514,47,78,2118.29285848763,3728.2863498557617,6089.607755635592,41,6,2,4,1,1,125,3408.93540959604,0.040864859118936225,35,180.556668812227,1346.2975748833321,277,160,13.260372772939455,336,,,Perennial,Perennial,wet,899.1618274091427,1105.723905404123,1.22972736575147
fj_basecase_0_mar_update_2025-09-30,2007,47,374.84045923296,1.0,393.1141332799844,631.234708678375,105,71,2118.29285848763,3728.2863498557617,6089.607755635592,3,1,,1,1,,176,987.505171111414,0.05554516307362948,94,10.1385592091373,23.17014974972766,138,270,7.481065780093057,330,,,Perennial,Perennial,moderate,360.6400717527856,463.1050442409098,1.2841197651445753
fj_basecase_0_mar_update_2025-09-30,2008,19,44.9667251539048,18.0,83.72055079407096,481.171776395344,199,42,2118.29285848763,3728.2863498557617,6089.607755635592,,,,,,,241,1170.47323899833,0.0673866196559009,52,25.670429505273,228.617086299633,217,293,9.68388375044151,332,,,Perennial,Perennial,dry,357.47941550648875,381.7796519295101,1.0679766033201996
fj_basecase_0_mar_update_2025-09-30,2009,45,140.243088350151,44.0,413.8671389045378,564.8876463611305,92,144,2118.29285848763,3728.2863498557617,6089.607755635592,,,,,,,236,808.569024506939,0.058919601137184634,50,15.611485863525651,505.19141076701277,258,286,7.382686755992618,330,,,Perennial,Perennial,dry,246.62562727206003,262.21375595796917,1.063205632189689
fj_basecase_0_mar_update_2025-09-30,2010,72,55.3734547050285,71.0,587.2039489013686,931.2406096484344,70,178,2118.29285848763,3728.2863498557617,6089.607755635592,,,,,,,248,2068.41416156342,0.05853726045030517,65,97.40007444454841,877.6740642019666,160,313,9.650090568917687,332,,,Perennial,Perennial,moderate,392.76324903995464,413.4166157487479,1.0525847740573413
fj_basecase_0_mar_update_2025-09-30,2011,39,378.675946768887,38.0,541.1058423731264,1029.12665314614,158,107,2118.29285848763,3728.2863498557617,6089.607755635592,,,,,,,265,1390.88388668652,0.048342515732660976,72,74.70517742242836,114.2488736250265,116,337,49.60336631165127,337,,,Perennial,Perennial,moderate,643.8618010846686,467.6517535596132,0.7263231842171616
fj_basecase_0_mar_update_2025-09-30,2012,,,,192.6787751937952,486.8679217856565,142,87,2118.29285848763,3728.2863498557617,6089.607755635592,1,,,1,,,229,1347.63486447149,0.05879702477208992,66,21.146291661784,505.82631043507746,187,295,8.282487531788897,332,,,Perennial,Perennial,moderate,360.34630953848887,444.18330761448624,1.2326567411870293
fj_basecase_0_mar_update_2025-09-30,2013,52,123.850420599294,51.0,374.6378805709334,490.095024265011,105,116,2118.29285848763,3728.2863498557617,6089.607755635592,1,,,1,,,221,659.56442864342,0.05834084244577028,47,10.90969583133375,43.37248662261301,174,268,7.981508649855464,330,,,Perennial,Perennial,moderate,282.8488723892848,313.3096764170905,1.1076928600439406
fj_basecase_0_mar_update_2025-09-30,2014,,,,58.153017355401765,96.3019926755469,104,76,2118.29285848763,3728.2863498557617,6089.607755635592,,,,,,,180,600.303515802015,0.041832619335235105,68,8.75864146656978,562.6847550521222,227,248,6.68116428743129,329,,,Perennial,Perennial,dry,134.0079613634285,229.94232950083486,1.7158855874035208
fj_basecase_0_mar_update_2025-09-30,2015,54,105.24609827027,24.0,437.497016253246,566.355248704582,21,109,2118.29285848763,3728.2863498557617,6089.607755635592,5,2,1,1,1,1,130,6196.45980063888,0.036199570049942946,63,13.2143759449984,1026.620399040022,329,193,6.619662580740387,330,,,Perennial,Perennial,moderate,327.2052633221617,571.6255687417282,1.746993807305947
fj_basecase_0_mar_update_2025-09-30,2016,71,191.733756754927,70.0,1262.158288602826,1715.24113056772,39,156,2118.29285848763,3728.2863498557617,6089.607755635592,10,,,5,,,195,1863.63160274132,0.05717495774466359,96,13.836577660575301,489.0387519550727,144,291,9.660570873610762,332,,,Perennial,Perennial,wet,532.0528453194353,652.5800192424142,1.226532335994964
fj_basecase_0_mar_update_2025-09-30,2017,18,162.104207724968,17.0,831.9676561858887,1455.1362660845548,148,69,2118.29285848763,3728.2863498557617,6089.607755635592,31,3,1,6,1,1,217,2195.84309010042,0.05246344963780574,90,54.1770191366887,255.62517856773,161,307,15.73690516096817,331,,,Perennial,Perennial,wet,948.3401662451132,924.5178210117518,0.9748799575497427
fj_basecase_0_mar_update_2025-09-30,2018,41,113.251279249814,40.0,252.09232015036253,356.0055983449815,116,102,2118.29285848763,3728.2863498557617,6089.607755635592,,,,,,,218,447.131176158774,0.05841711731334455,51,9.78886961850592,21.16212791916612,173,269,7.25025103335265,330,,,Perennial,Perennial,dry,214.56720236144866,217.31907343080127,1.0128252176430812
fj_basecase_0_mar_update_2025-09-30,2019,,,,186.914891449566,773.984030697918,145,76,2118.29285848763,3728.2863498557617,6089.607755635592,2,,,1,,,221,1472.16811295441,0.056706261751873765,75,44.03092940185215,159.2602546655325,184,296,10.593334807802528,331,,,Perennial,Perennial,moderate,468.6097714988388,548.6091282628151,1.1707163649364374
fj_basecase_0_mar_update_2025-09-30,2020,75,166.301028881929,3.0,162.6833747996118,238.337418896875,117,114,2118.29285848763,3728.2863498557617,6089.607755635592,,,,,,,231,372.691459576874,0.06160091283569817,39,9.379840556248954,13.05315202482727,172,270,6.938462114710264,331,,,Perennial,Perennial,dry,133.66401754804735,125.92955964226249,0.942135078327983
fj_basecase_0_mar_update_2025-09-30,2021,,,,51.13851455342796,253.96889821621,142,76,2118.29285848763,3728.2863498557617,6089.607755635592,,,,,,,218,331.8588516097,0.0714871113058034,38,10.4813346457995,162.16062617499603,207,256,6.791816150872483,300,,,Perennial,Perennial,dry,112.65148962254764,128.51167969050826,1.1407898832150563
fj_basecase_0_mar_update_2025-09-30,2022,35,52.883120810371,34.0,229.1496404665587,269.84730430704246,134,97,2118.29285848763,3728.2863498557617,6089.607755635592,,,,,,,231,327.262888884073,0.04648503096503067,60,28.2174156461322,52.0536430507337,151,291,15.106946860280011,330,,,Perennial,Perennial,moderate,156.0251640434956,116.43081116079567,0.746230980589374
fj_basecase_0_mar_update_2025-09-30,2023,,,,348.551724683123,663.466801504219,166,76,2118.29285848763,3728.2863498557617,6089.607755635592,,,,,,,242,1635.86303796236,0.06460437775034604,56,35.4775107012353,77.74558221270036,146,298,9.972525329753596,331,,,Perennial,Perennial,wet,438.033358462414,497.5258746288396,1.1358173185148646
fj_basecase_0_mar_update_2025-09-30,2024,,,,387.9846644446207,887.516126946017,152,78,2118.29285848763,3728.2863498557617,6089.607755635592,1,,,1,,,230,1684.2464612128,0.06151792940922219,62,35.9900111240019,1100.0357327830545,197,292,9.937056978794049,333,,,Perennial,Perennial,unknown,491.60210415081815,514.1219116246791,1.0458090135980218
fj_basecase_0_mar_update_2025-09-30,2025,54,626.68937590381,53.0,1096.02309559758,1343.10526797784,76,123,2118.29285848763,3728.2863498557617,6089.607755635592,14,,,3,,,199,1833.2074450978,0.052878457250058825,96,36.29533768635045,1124.1696656895983,194,295,,,,,,,unknown,700.4571760345617,733.933860241523,1.0477926208087123
fj_basecase_update_2025-09-03,1991,,,,,,,,2118.29285848763,3728.490063164954,6089.607755635592,,,,,,,237,376.500150474458,0.045620530477906214,45,18.7597863616494,349.75889566491753,276,282,6.994420446395081,330,,,Perennial,Perennial,dry,141.5141966133854,114.1891193950444,0.8069092863312316
fj_basecase_update_2025-09-03,1992,68,94.7813324976936,67.0,473.603851483024,611.539710850739,21,192,2118.29285848763,3728.490063164954,6089.607755635592,,,,,,,213,538.71559531238,0.04828972699250527,51,10.47767361026495,120.42017213433223,212,264,6.438919920765974,332,,,Perennial,Perennial,dry,141.85724457952924,183.0050215014441,1.2900646847038273
fj_basecase_update_2025-09-03,1993,72,75.6887889880355,20.0,515.070120652519,1005.13981972363,133,110,2118.29285848763,3728.490063164954,6089.607755635592,5,,,2,,,243,2416.10504015241,0.05419727097944895,64,,,,307,11.85847024893717,333,,,Perennial,Perennial,moderate,478.29449045285935,573.952564479166,1.1999982770776547
fj_basecase_update_2025-09-03,1994,73,181.56092964826,72.0,,,,,2118.29285848763,3728.490063164954,6089.607755635592,,,,,,,222,353.173823940764,0.05617002701329929,36,7.0766919710143945,10.357478833991241,184,258,4.790942194545739,331,,,Perennial,Perennial,dry,127.49943379102656,113.17434077360708,0.8876458303265996
fj_basecase_update_2025-09-03,1995,,,,13.03659798866861,992.749031264398,114,76,2118.29285848763,3728.490063164954,6089.607755635592,17,2,,6,1,,190,1654.38741998438,0.05055998828711081,135,54.628646311359546,570.3030074519229,130,325,24.2083754416425,332,,,Perennial,Perennial,wet,662.8314834823251,768.6955584328412,1.159714916368089
fj_basecase_update_2025-09-03,1996,74,2041.40068953093,3.0,965.4145554507949,1238.48585381079,119,89,2118.29285848763,3728.490063164954,6089.607755635592,12,,,3,,,208,1916.0250391013,0.06009826202872988,83,607.8088838885494,1601.511840326809,278,291,8.234805783173066,332,,,Perennial,Perennial,wet,655.0803080226809,676.1343088714169,1.0321395721881583
fj_basecase_update_2025-09-03,1997,50,1615.53605474414,49.0,,,,203,2118.29285848763,3728.490063164954,6089.607755635592,15,7,4,2,2,1,124,1789.42768104493,0.026414028469313486,38,164.334365717074,633.6447384922611,305,162,35.833579937800955,299,,,Perennial,Perennial,wet,698.8197404250595,1241.8771170396374,1.777106520036571
fj_basecase_update_2025-09-03,1998,58,277.977135024422,5.0,910.095127281097,1282.32071528357,119,101,2118.29285848763,3728.490063164954,6089.607755635592,9,3,,2,1,,220,1815.58628472636,0.05156533058351547,106,540.5207102261825,1396.80067108453,190,326,25.239231001142073,331,,,Perennial,Perennial,wet,733.9340754975736,745.0755154634167,1.0151804369599404
fj_basecase_update_2025-09-03,1999,55,1528.69303833785,54.0,765.3292601298988,1034.77511964898,90,150,2118.29285848763,3728.490063164954,6089.607755635592,1,,,1,,,240,1587.34338348008,0.06187983790171647,63,70.12101077646315,747.156442972713,198,303,11.591455983483957,332,,,Perennial,Perennial,wet,639.8263702347631,524.7712976542458,0.8201776639210703
fj_basecase_update_2025-09-03,2000,62,272.11503931175,61.0,880.1210027474339,970.51452468611,62,135,2118.29285848763,3728.490063164954,6089.607755635592,,,,,,,197,1550.20126446048,0.04857369681219363,106,49.8254306351759,137.9402401848248,217,303,9.84658159666371,333,,,Perennial,Perennial,moderate,456.569564319259,427.0290412787281,0.9352989657018081
fj_basecase_update_2025-09-03,2001,,,,160.34059449309729,207.843872429253,74,154,2118.29285848763,3728.490063164954,6089.607755635592,,,,,,,228,277.857837665768,0.08280011600879061,24,10.2523605184093,683.3914672861756,304,252,5.012470199925202,330,,,Perennial,Perennial,dry,96.99834369804307,106.54686766186803,1.09844007227123
fj_basecase_update_2025-09-03,2002,68,47.8193613705239,67.0,842.6791913671532,897.541057536238,7,190,2118.29285848763,3728.490063164954,6089.607755635592,,,,,,,197,1301.35323612177,0.049966869977861046,87,9.561304194807754,27.41674688861564,158,284,6.6362420810627345,331,,,Perennial,Perennial,moderate,296.1953548990553,329.1357322885345,1.111211660968503
fj_basecase_update_2025-09-03,2003,,,,768.4005325548214,1079.546637260075,166,76,2118.29285848763,3728.490063164954,6089.607755635592,8,,,5,,,242,1502.60874260106,0.05281475796950047,63,50.070328039538,88.03660881696979,125,305,35.17302149004197,330,,,Perennial,Perennial,wet,645.6491873840216,635.9152472707046,0.9849237940610504
fj_basecase_update_2025-09-03,2004,55,94.9531399864271,2.0,383.8125214547326,666.889933082865,119,64,2118.29285848763,3728.490063164954,6089.607755635592,2,,,1,,,183,1045.27440714325,0.04642946191946688,102,14.4234557172301,363.1055311679566,195,285,7.822131012927906,331,,,Perennial,Perennial,moderate,422.60600172206546,433.47494442875177,1.0257188555354082
fj_basecase_update_2025-09-03,2005,70,1153.28742181633,21.0,603.5850249398488,772.5492088669,117,114,2118.29285848763,3728.490063164954,6089.607755635592,,,,,,,231,1481.20605174414,0.052940382482248194,74,14.2501604346655,624.1957435211806,139,305,9.016717582858783,331,,,Perennial,Perennial,dry,407.34570123352916,382.82214940627944,0.9397967089060049
fj_basecase_update_2025-09-03,2006,36,73.8355946268808,35.0,1798.061667460116,2441.78113267514,47,78,2118.29285848763,3728.490063164954,6089.607755635592,41,6,2,4,1,1,125,3408.93540959604,0.040864859118936225,35,180.556668812227,1346.2975748833321,277,160,13.260372772939455,336,,,Perennial,Perennial,wet,899.1618274091427,1105.723905404123,1.22972736575147
fj_basecase_update_2025-09-03,2007,47,374.84045923296,1.0,393.1141332799844,631.234708678375,105,71,2118.29285848763,3728.490063164954,6089.607755635592,3,1,,1,1,,176,987.505171111414,0.05554516307362948,94,10.1385592091373,23.17014974972766,138,270,7.481065780093057,330,,,Perennial,Perennial,moderate,360.6400717527856,463.1050442409098,1.2841197651445753
fj_basecase_update_2025-09-03,2008,19,44.9667251539048,18.0,83.72055079407096,481.171776395344,199,42,2118.29285848763,3728.490063164954,6089.607755635592,,,,,,,241,1170.47323899833,0.0673866196559009,52,25.670429505273,228.617086299633,217,293,9.68388375044151,332,,,Perennial,Perennial,dry,357.47941550648875,381.7796519295101,1.0679766033201996
fj_basecase_update_2025-09-03,2009,45,140.243088350151,44.0,413.8671389045378,564.8876463611305,92,144,2118.29285848763,3728.490063164954,6089.607755635592,,,,,,,236,808.569024506939,0.058919601137184634,50,15.611485863525651,505.19141076701277,258,286,7.382686755992618,330,,,Perennial,Perennial,dry,246.62562727206003,262.21375595796917,1.063205632189689
fj_basecase_update_2025-09-03,2010,72,55.3734547050285,71.0,587.2039489013686,931.2406096484344,70,178,2118.29285848763,3728.490063164954,6089.607755635592,,,,,,,248,2068.41416156342,0.05853726045030517,65,97.40007444454841,877.6740642019666,160,313,9.650090568917687,332,,,Perennial,Perennial,moderate,392.76324903995464,413.4166157487479,1.0525847740573413
fj_basecase_update_2025-09-03,2011,39,378.675946768887,38.0,541.1058423731264,1029.12665314614,158,107,2118.29285848763,3728.490063164954,6089.607755635592,,,,,,,265,1390.88388668652,0.048342515732660976,72,74.70517742242836,114.2488736250265,116,337,49.60336631165127,337,,,Perennial,Perennial,moderate,643.8618010846686,467.6517535596132,0.7263231842171616
fj_basecase_update_2025-09-03,2012,,,,192.6787751937952,486.8679217856565,142,87,2118.29285848763,3728.490063164954,6089.607755635592,1,,,1,,,229,1347.63486447149,0.05879702477208992,66,21.146291661784,505.82631043507746,187,295,8.282487531788897,332,,,Perennial,Perennial,moderate,360.34630953848887,444.18330761448624,1.2326567411870293
fj_basecase_update_2025-09-03,2013,52,123.850420599294,51.0,374.6378805709334,490.095024265011,105,116,2118.29285848763,3728.490063164954,6089.607755635592,1,,,1,,,221,659.56442864342,0.05834084244577028,47,10.90969583133375,43.37248662261301,174,268,7.981508649855464,330,,,Perennial,Perennial,moderate,282.8488723892848,313.3096764170905,1.1076928600439406
fj_basecase_update_2025-09-03,2014,,,,58.153017355401765,96.3019926755469,104,76,2118.29285848763,3728.490063164954,6089.607755635592,,,,,,,180,600.303515802015,0.041832619335235105,68,8.75864146656978,562.6847550521222,227,248,6.68116428743129,329,,,Perennial,Perennial,dry,134.0079613634285,229.94232950083486,1.7158855874035208
fj_basecase_update_2025-09-03,2015,54,105.24609827027,24.0,437.497016253246,566.355248704582,21,109,2118.29285848763,3728.490063164954,6089.607755635592,5,2,1,1,1,1,130,6196.45980063888,0.036199570049942946,63,13.2143759449984,1026.620399040022,329,193,6.619662580740387,330,,,Perennial,Perennial,moderate,327.2052633221617,571.6255687417282,1.746993807305947
fj_basecase_update_2025-09-03,2016,71,191.733756754927,70.0,1262.158288602826,1715.24113056772,39,156,2118.29285848763,3728.490063164954,6089.607755635592,10,,,5,,,195,1863.63160274132,0.05717495774466359,96,13.836577660575301,489.0387519550727,144,291,9.660570873610762,332,,,Perennial,Perennial,wet,532.0528453194353,652.5800192424142,1.226532335994964
fj_basecase_update_2025-09-03,2017,18,162.104207724968,17.0,831.9676561858887,1455.1362660845548,148,69,2118.29285848763,3728.490063164954,6089.607755635592,31,3,1,6,1,1,217,2195.84309010042,0.05246344963780574,90,54.1770191366887,255.62517856773,161,307,15.73690516096817,331,,,Perennial,Perennial,wet,948.3401662451132,924.5178210117518,0.9748799575497427
fj_basecase_update_2025-09-03,2018,41,113.251279249814,40.0,252.09232015036253,356.0055983449815,116,102,2118.29285848763,3728.490063164954,6089.607755635592,,,,,,,218,447.131176158774,0.05841711731334455,51,9.78886961850592,21.16212791916612,173,269,7.25025103335265,330,,,Perennial,Perennial,dry,214.56720236144866,217.31907343080127,1.0128252176430812
fj_basecase_update_2025-09-03,2019,,,,186.914891449566,773.984030697918,145,76,2118.29285848763,3728.490063164954,6089.607755635592,2,,,1,,,221,1472.16811295441,0.056706261751873765,75,44.03092940185215,159.2602546655325,184,296,10.593334807802528,331,,,Perennial,Perennial,moderate,468.6097714988388,548.6091282628151,1.1707163649364374
fj_basecase_update_2025-09-03,2020,75,166.301028881929,3.0,162.6833747996118,238.337418896875,117,114,2118.29285848763,3728.490063164954,6089.607755635592,,,,,,,231,372.691459576874,0.06160091283569817,39,9.379840556248954,13.05315202482727,172,270,6.938462114710264,331,,,Perennial,Perennial,dry,133.66401754804735,125.92955964226249,0.942135078327983
fj_basecase_update_2025-09-03,2021,,,,51.13851455342796,253.96889821621,142,76,2118.29285848763,3728.490063164954,6089.607755635592,,,,,,,218,331.8588516097,0.0714871113058034,38,10.4813346457995,162.16062617499603,207,256,6.791816150872483,300,,,Perennial,Perennial,dry,112.65148962254764,128.51167969050826,1.1407898832150563
fj_basecase_update_2025-09-03,2022,35,52.883120810371,34.0,229.1496404665587,269.84730430704246,134,97,2118.29285848763,3728.490063164954,6089.607755635592,,,,,,,231,327.262888884073,0.04648503096503067,60,28.2174156461322,52.0536430507337,151,291,15.106946860280011,330,,,Perennial,Perennial,moderate,156.0251640434956,116.43081116079567,0.746230980589374
fj_basecase_update_2025-09-03,2023,,,,348.551724683123,663.466801504219,166,76,2118.29285848763,3728.490063164954,6089.607755635592,,,,,,,242,1635.86303796236,0.06460437775034604,56,35.4775107012353,77.74558221270036,146,298,9.972525329753596,331,,,Perennial,Perennial,wet,438.033358462414,497.5258746288396,1.1358173185148646
fj_basecase_update_2025-09-03,2024,,,,387.2966942713825,881.9810638493475,152,78,2118.29285848763,3728.490063164954,6089.607755635592,1,,,1,,,230,1686.75825775967,0.06106263477736901,62,36.5157014113101,1100.2206606514544,197,292,9.971173294189997,333,,,Perennial,Perennial,unknown,491.27562026320794,513.6430999593529,1.0455293907810064
fj_basecase_update_2025-09-03,2025,54,627.168903300161,53.0,1096.096586073085,1343.246894505995,76,123,2118.29285848763,3728.490063164954,6089.607755635592,14,,,3,,,199,1833.25342773682,0.05286467832754577,96,36.71161933479975,1124.3548510607784,194,295,,,,,,,unknown,700.6422981459455,733.8826159138904,1.047442636357962
fj_eflows25_div_lims_update_2025-09-30,1991,,,,,,,,2118.25627674371,3733.8303438027597,6092.262650155075,,,,,,,237,368.322189217906,0.036656674863363596,46,13.05903473711165,135.56362115207799,216,283,7.839786010682595,330,,,Perennial,Perennial,dry,143.18013380846006,113.49116952628299,0.7926460641397806
fj_eflows25_div_lims_update_2025-09-30,1992,68,102.672386610882,24.0,299.4659720053058,373.828189243047,80,133,2118.25627674371,3733.8303438027597,6092.262650155075,,,,,,,213,541.391253547967,0.04255049269702538,53,13.020344331544699,146.8014286586763,210,266,7.071979057066539,332,,,Perennial,Perennial,dry,146.86128889834652,181.7729439941705,1.237718566667278
fj_eflows25_div_lims_update_2025-09-30,1993,73,146.772623089926,20.0,523.7731341617172,1007.34269468326,133,110,2118.25627674371,3733.8303438027597,6092.262650155075,5,,,2,,,243,2412.68250123889,0.053393959985520004,66,,,,309,12.811298087261356,332,,,Perennial,Perennial,moderate,482.89167659383935,572.4713444966187,1.1855067549199547
fj_eflows25_div_lims_update_2025-09-30,1994,73,202.563604244534,72.0,,,,,2118.25627674371,3733.8303438027597,6092.262650155075,,,,,,,222,328.749865246095,0.05407221233905317,42,7.828143936367789,11.73910856130106,178,264,4.992977006032414,330,,,Perennial,Perennial,dry,132.16549388605415,111.30594786876564,0.8421710129932063
fj_eflows25_div_lims_update_2025-09-30,1995,,,,14.18634572824395,1000.1388500882765,114,76,2118.25627674371,3733.8303438027597,6092.262650155075,17,2,,6,1,,190,1656.35523169338,0.04949338685175167,133,57.172393639494004,564.5496187852222,132,323,16.827472403309002,333,,,Perennial,Perennial,wet,665.9581808523183,774.2936017760178,1.162676011855651
fj_eflows25_div_lims_update_2025-09-30,1996,67,390.507050895445,13.0,966.019932220941,1239.46313816527,119,89,2118.25627674371,3733.8303438027597,6092.262650155075,12,,,3,,,208,1916.37123728124,0.057304384445203034,82,599.192452623102,1642.2451748418662,279,290,9.787413647580495,331,,,Perennial,Perennial,wet,658.2346692749636,673.9280644398434,1.0238416417387524
fj_eflows25_div_lims_update_2025-09-30,1997,50,1833.14204756676,49.0,,,,203,2118.25627674371,3733.8303438027597,6092.262650155075,15,7,4,2,2,1,124,1791.2238651084,0.026399932887109706,38,163.974536239255,634.8849617949776,305,162,31.566608192278387,300,,,Perennial,Perennial,wet,703.2158091782496,1243.2415365126758,1.7679374102318306
fj_eflows25_div_lims_update_2025-09-30,1998,58,275.493332708177,5.0,910.0894703946619,1281.78731667103,119,101,2118.25627674371,3733.8303438027597,6092.262650155075,9,2,,2,1,,220,1811.61379345025,0.048897711820876544,104,540.2396438998101,1391.7742863336691,192,324,20.23658975817893,332,,,Perennial,Perennial,wet,732.8284622241497,745.1141006343103,1.016764685111811
fj_eflows25_div_lims_update_2025-09-30,1999,55,1527.20217899742,54.0,769.4226142180626,1032.77512009268,90,150,2118.25627674371,3733.8303438027597,6092.262650155075,1,,,1,,,240,1578.31308802679,0.05320588668570987,66,105.1735008797965,749.1364635832825,196,306,13.389726111413314,331,,,Perennial,Perennial,wet,641.0216364717317,522.8051008105274,0.8155810522841572
fj_eflows25_div_lims_update_2025-09-30,2000,52,182.657270207997,51.0,885.336652040467,971.996146625278,61,136,2118.25627674371,3733.8303438027597,6092.262650155075,,,,,,,197,1550.61829634123,0.0481122268078861,106,59.9156606601401,139.70389796876358,217,303,11.157660204729613,333,,,Perennial,Perennial,moderate,458.7260949376973,425.16167143134004,0.926831231367128
fj_eflows25_div_lims_update_2025-09-30,2001,,,,170.8488565723029,210.51572534600348,74,154,2118.25627674371,3733.8303438027597,6092.262650155075,,,,,,,228,234.666753575896,0.0657092934614998,29,11.3518738802385,695.3456168673846,299,257,5.221241365843567,330,,,Perennial,Perennial,dry,101.26731989052998,105.58745825310122,1.0426607356375315
fj_eflows25_div_lims_update_2025-09-30,2002,68,55.093160886991,67.0,842.519866632157,896.731354355049,7,190,2118.25627674371,3733.8303438027597,6092.262650155075,,,,,,,197,1295.71678641526,0.04534878087336003,87,11.91790688260885,22.973963696360773,158,284,7.573923559244799,331,,,Perennial,Perennial,moderate,299.79375952606205,329.2045747293535,1.0981034937144336
fj_eflows25_div_lims_update_2025-09-30,2003,,,,786.5525369477535,1081.14779362395,166,76,2118.25627674371,3733.8303438027597,6092.262650155075,8,,,5,,,242,1499.62404015785,0.04179718784649674,72,58.2483894360594,406.71465058194644,152,314,32.29309558440772,331,,,Perennial,Perennial,wet,649.6007559014873,638.2651706837381,0.9825499199088551
fj_eflows25_div_lims_update_2025-09-30,2004,67,530.43765758025,9.0,587.661183914326,894.826855630793,83,100,2118.25627674371,3733.8303438027597,6092.262650155075,2,,,1,,,183,1045.95004538581,0.04353814511354744,103,16.05865987506725,369.83676088561936,194,286,9.231607154931158,331,,,Perennial,Perennial,moderate,425.5449069599782,431.6144000505488,1.0142628732979793
fj_eflows25_div_lims_update_2025-09-30,2005,70,1265.7733823718,18.0,604.6040002203656,773.354906449313,117,114,2118.25627674371,3733.8303438027597,6092.262650155075,,,,,,,231,1478.52691926472,0.047979648694670675,75,16.777799533435648,632.5769643915503,138,306,11.862393400111756,330,,,Perennial,Perennial,dry,411.290237217416,383.02919359067033,0.9312868600578857
fj_eflows25_div_lims_update_2025-09-30,2006,36,61.0724367132498,35.0,1801.184808301844,2447.31764677953,47,78,2118.25627674371,3733.8303438027597,6092.262650155075,41,6,2,4,1,1,125,3411.3751462384,0.040849923596102074,35,207.37225200314,1347.432916895644,277,160,15.721119423178813,331,,,Perennial,Perennial,wet,903.2458753088191,1104.883428651079,1.223236616799739
fj_eflows25_div_lims_update_2025-09-30,2007,47,432.375939964788,1.0,394.66808734089017,629.764081699113,105,71,2118.25627674371,3733.8303438027597,6092.262650155075,3,1,,1,1,,176,990.206579624849,0.052140089566778916,97,12.3660726885821,25.30217870563492,135,273,8.415769860502566,331,,,Perennial,Perennial,moderate,365.1361903242126,461.66472263239075,1.264363092090292
fj_eflows25_div_lims_update_2025-09-30,2008,20,51.2640659597223,19.0,120.0751568322318,483.716026466998,199,42,2118.25627674371,3733.8303438027597,6092.262650155075,,,,,,,241,1171.19612695707,0.07164611737181491,52,29.3969884610933,230.42257070948682,217,293,11.741255451302857,333,,,Perennial,Perennial,dry,361.15630132983733,379.18846068597475,1.0499289623072892
fj_eflows25_div_lims_update_2025-09-30,2009,44,203.449062290741,43.0,415.49176072001643,568.385985100473,92,144,2118.25627674371,3733.8303438027597,6092.262650155075,,,,,,,236,808.833966254565,0.05630491700029324,51,16.1702245887776,508.30522837322263,257,287,8.123710325943199,331,,,Perennial,Perennial,dry,250.7281037368571,259.7772229071011,1.036091363653997
fj_eflows25_div_lims_update_2025-09-30,2010,72,67.4834833888174,71.0,588.7630791768557,933.0610316718465,70,178,2118.25627674371,3733.8303438027597,6092.262650155075,,,,,,,248,2058.42387122793,0.054456353673866954,66,33.3686303867699,300.18723197425084,115,314,11.09240263608417,331,,,Perennial,Perennial,moderate,395.73584629714423,412.4591190015921,1.0422586754799334
fj_eflows25_div_lims_update_2025-09-30,2011,39,418.051183018872,12.0,534.832249045768,970.6848239442841,202,63,2118.25627674371,3733.8303438027597,6092.262650155075,,,,,,,265,1390.18311126797,0.049653079995705146,65,82.8058347099454,121.4795986489393,124,330,44.02158310202545,334,,,Perennial,Perennial,moderate,646.3717296395359,466.43337393159595,0.7216178439482699
fj_eflows25_div_lims_update_2025-09-30,2012,,,,197.321530261615,495.26711062768,141,88,2118.25627674371,3733.8303438027597,6092.262650155075,1,,,1,,,229,1341.71168746483,0.06001865161206743,65,17.04759950014855,525.332223563748,188,294,9.453456951197735,332,,,Perennial,Perennial,moderate,361.93604304873236,442.4240652734162,1.222381892520847
fj_eflows25_div_lims_update_2025-09-30,2013,52,141.252585076013,51.0,363.965078712366,441.39180708779,71,116,2118.25627674371,3733.8303438027597,6092.262650155075,1,,,1,,,187,1092.57693182597,0.05219744241875726,86,14.61023229208405,57.11982628657492,188,273,9.02953736744351,330,,,Perennial,Perennial,moderate,289.2536275334526,320.61546609397533,1.1084233197970723
fj_eflows25_div_lims_update_2025-09-30,2014,,,,73.4367056561789,326.879160696005,85,95,2118.25627674371,3733.8303438027597,6092.262650155075,,,,,,,180,603.521728304494,0.040946495177413306,71,9.34266349042371,18.4892255355363,166,251,7.403740031344626,329,,,Perennial,Perennial,dry,139.75852277728137,231.2334296250821,1.654521134239339
fj_eflows25_div_lims_update_2025-09-30,2015,36,18.9200101083301,6.0,159.19544979961805,514.918414729889,79,51,2118.25627674371,3733.8303438027597,6092.262650155075,5,2,1,1,1,1,130,6201.22523697885,0.03296150022053845,72,14.00736719586465,1033.090941119449,320,202,7.6170182549647025,329,,,Perennial,Perennial,moderate,334.07707246840477,571.5337135178927,1.7107840094951303
fj_eflows25_div_lims_update_2025-09-30,2016,71,177.480814472785,70.0,1264.7718845814582,1721.44142961217,39,156,2118.25627674371,3733.8303438027597,6092.262650155075,10,,,5,,,195,1863.7135540224,0.05029011340155088,96,16.21151311563245,515.1944127476065,144,291,11.264543360272668,333,,,Perennial,Perennial,wet,537.8042657438043,651.9800329279901,1.2122998541602794
fj_eflows25_div_lims_update_2025-09-30,2017,18,149.962706479366,17.0,834.5725992536942,1455.5633528356998,148,69,2118.25627674371,3733.8303438027597,6092.262650155075,31,3,1,6,1,1,217,2192.80864466017,0.053962307415206426,91,56.53153053406756,267.41604604584654,160,308,16.284675231303126,332,,,Perennial,Perennial,wet,951.5840801855769,923.7709440485564,0.9707717513185
fj_eflows25_div_lims_update_2025-09-30,2018,42,136.622546149369,41.0,250.7665204996694,348.158981854135,107,102,2118.25627674371,3733.8303438027597,6092.262650155075,,,,,,,209,596.016339781231,0.055832357052805856,61,13.43457719796685,527.5444708070404,232,270,7.951731051909453,330,,,Perennial,Perennial,dry,219.21686781056204,217.85294388212324,0.9937781980827431
fj_eflows25_div_lims_update_2025-09-30,2019,59,25.6272679522557,58.0,703.5173490091058,1055.87371198656,85,136,2118.25627674371,3733.8303438027597,6092.262650155075,2,,,1,,,221,1470.35402631682,0.05700995427975414,76,42.5089919284707,167.81403427877402,183,297,11.860266637367943,331,,,Perennial,Perennial,moderate,472.3584982747926,547.248593573698,1.1585450363916994
fj_eflows25_div_lims_update_2025-09-30,2020,75,231.770869154531,3.0,175.77774177907162,239.905373751707,117,114,2118.25627674371,3733.8303438027597,6092.262650155075,,,,,,,231,362.443233204263,0.05570713366553859,45,11.759849837878399,215.6706101143365,226,276,7.5527199863527015,331,,,Perennial,Perennial,dry,139.3642762275274,124.6336221904755,0.894301076030399
fj_eflows25_div_lims_update_2025-09-30,2021,51,18.4561331586264,50.0,252.0608651641361,290.5380204182195,82,136,2118.25627674371,3733.8303438027597,6092.262650155075,,,,,,,218,318.761283421096,0.05841133894701081,43,12.0456174292639,169.7277642732709,200,261,6.875050449769077,300,,,Perennial,Perennial,dry,118.23472765592255,130.7801340133602,1.106105935254034
fj_eflows25_div_lims_update_2025-09-30,2022,27,28.7044069444475,26.0,231.72188436010902,271.8431286397225,136,95,2118.25627674371,3733.8303438027597,6092.262650155075,,,,,,,231,321.198056737831,0.04275933714420326,57,27.1969922190372,51.932229673215986,154,288,14.887964920921485,330,,,Perennial,Perennial,moderate,160.2002529659536,116.5221838898675,0.7273533077043971
fj_eflows25_div_lims_update_2025-09-30,2023,,,,349.388236764693,664.5086454838711,166,76,2118.25627674371,3733.8303438027597,6092.262650155075,,,,,,,242,1635.53878882877,0.061222323933291675,57,26.5079278633577,97.0344940713432,131,299,11.234735632749855,330,,,Perennial,Perennial,wet,437.8746422346468,497.3030134966023,1.1357200566780234
fj_eflows25_div_lims_update_2025-09-30,2024,52,98.5334259195084,5.0,291.3184765973235,854.8240237994919,166,64,2118.25627674371,3733.8303438027597,6092.262650155075,1,,,1,,,230,1679.7788288798,0.06503997338386559,62,31.359589826168502,1096.407015890892,198,292,12.275490393166669,331,,,Perennial,Perennial,unknown,494.44776523161033,510.69418627776156,1.032857709526791
fj_eflows25_div_lims_update_2025-09-30,2025,49,128.890334464386,48.0,1102.23569755255,1360.58500618841,75,124,2118.25627674371,3733.8303438027597,6092.262650155075,14,,,3,,,199,1834.5141695149,0.05397703152325507,95,32.943690105210905,1112.508811773065,196,294,,,,,,,unknown,705.6396679921235,733.6579241556776,1.0397061806959906
fj_grain_12k_update_2025-09-30,1991,,,,,,,,2118.29285848763,3727.999254694498,6089.607755635592,,,,,,,237,376.500150474458,0.045620530477906214,45,18.7597863616494,349.75889566491753,276,282,6.994420446395081,330,,,Perennial,Perennial,dry,141.5141966133854,114.1891193950444,0.8069092863312316
fj_grain_12k_update_2025-09-30,1992,68,94.7813324976936,67.0,473.603851483024,611.539710850739,21,192,2118.29285848763,3727.999254694498,6089.607755635592,,,,,,,213,538.71559531238,0.04828972699250527,51,10.47767361026495,120.42017213433223,212,264,6.438919920765974,332,,,Perennial,Perennial,dry,141.85724457952924,183.0050215014441,1.2900646847038273
fj_grain_12k_update_2025-09-30,1993,72,75.6887889880355,20.0,515.070120652519,1005.13981972363,133,110,2118.29285848763,3727.999254694498,6089.607755635592,5,,,2,,,243,2416.10504015241,0.05419727097944895,64,,,,307,11.85847024893717,333,,,Perennial,Perennial,moderate,478.29449045285935,573.952564479166,1.1999982770776547
fj_grain_12k_update_2025-09-30,1994,73,181.56092964826,72.0,,,,,2118.29285848763,3727.999254694498,6089.607755635592,,,,,,,222,353.173823940764,0.05617002701329929,36,7.0766919710143945,10.357478833991241,184,258,4.790942194545739,331,,,Perennial,Perennial,dry,127.49943379102656,113.17434077360708,0.8876458303265996
fj_grain_12k_update_2025-09-30,1995,,,,13.03659798866861,992.749031264398,114,76,2118.29285848763,3727.999254694498,6089.607755635592,17,2,,6,1,,190,1654.38741998438,0.05055998828711081,135,54.628646311359546,570.3030074519229,130,325,24.2083754416425,332,,,Perennial,Perennial,wet,662.8314834823251,768.6955584328412,1.159714916368089
fj_grain_12k_update_2025-09-30,1996,74,2041.40068953093,3.0,965.4145554507949,1238.48585381079,119,89,2118.29285848763,3727.999254694498,6089.607755635592,12,,,3,,,208,1916.0250391013,0.06009826202872988,83,607.8088838885494,1601.511840326809,278,291,8.234805783173066,332,,,Perennial,Perennial,wet,655.0803080226809,676.1343088714169,1.0321395721881583
fj_grain_12k_update_2025-09-30,1997,50,1615.53605474414,49.0,,,,203,2118.29285848763,3727.999254694498,6089.607755635592,15,7,4,2,2,1,124,1789.42768104493,0.026414028469313486,38,164.334365717074,633.6447384922611,305,162,35.833579937800955,299,,,Perennial,Perennial,wet,698.8197404250595,1241.8771170396374,1.777106520036571
fj_grain_12k_update_2025-09-30,1998,58,277.977135024422,5.0,910.095127281097,1282.32071528357,119,101,2118.29285848763,3727.999254694498,6089.607755635592,9,3,,2,1,,220,1815.58628472636,0.05156533058351547,106,540.5207102261825,1396.80067108453,190,326,25.239231001142073,331,,,Perennial,Perennial,wet,733.9340754975736,745.0755154634167,1.0151804369599404
fj_grain_12k_update_2025-09-30,1999,55,1528.69303833785,54.0,765.3292601298988,1034.77511964898,90,150,2118.29285848763,3727.999254694498,6089.607755635592,1,,,1,,,240,1587.34338348008,0.06187983790171647,63,70.12101077646315,747.156442972713,198,303,11.591455983483957,332,,,Perennial,Perennial,wet,639.8263702347631,524.7712976542458,0.8201776639210703
fj_grain_12k_update_2025-09-30,2000,62,272.11503931175,61.0,880.1210027474339,970.51452468611,62,135,2118.29285848763,3727.999254694498,6089.607755635592,,,,,,,197,1550.20126446048,0.04857369681219363,106,49.8254306351759,137.9402401848248,217,303,9.84658159666371,333,,,Perennial,Perennial,moderate,456.569564319259,427.0290412787281,0.9352989657018081
fj_grain_12k_update_2025-09-30,2001,,,,160.34059449309729,207.843872429253,74,154,2118.29285848763,3727.999254694498,6089.607755635592,,,,,,,228,277.857837665768,0.08280011600879061,24,10.2523605184093,683.3914672861756,304,252,5.012470199925202,330,,,Perennial,Perennial,dry,96.99834369804307,106.54686766186803,1.09844007227123
fj_grain_12k_update_2025-09-30,2002,68,47.8193613705239,67.0,842.6791913671532,897.541057536238,7,190,2118.29285848763,3727.999254694498,6089.607755635592,,,,,,,197,1301.35323612177,0.049966869977861046,87,9.561304194807754,27.41674688861564,158,284,6.6362420810627345,331,,,Perennial,Perennial,moderate,296.1953548990553,329.1357322885345,1.111211660968503
fj_grain_12k_update_2025-09-30,2003,,,,768.4005325548214,1079.546637260075,166,76,2118.29285848763,3727.999254694498,6089.607755635592,8,,,5,,,242,1502.60874260106,0.05281475796950047,63,50.070328039538,88.03660881696979,125,305,35.17302149004197,330,,,Perennial,Perennial,wet,645.6491873840216,635.9152472707046,0.9849237940610504
fj_grain_12k_update_2025-09-30,2004,55,94.9531399864271,2.0,383.8125214547326,666.889933082865,119,64,2118.29285848763,3727.999254694498,6089.607755635592,2,,,1,,,183,1045.27440714325,0.04642946191946688,102,14.4234557172301,363.1055311679566,195,285,7.822131012927906,331,,,Perennial,Perennial,moderate,422.60600172206546,433.47494442875177,1.0257188555354082
fj_grain_12k_update_2025-09-30,2005,70,1153.28742181633,21.0,603.5850249398488,772.5492088669,117,114,2118.29285848763,3727.999254694498,6089.607755635592,,,,,,,231,1481.20605174414,0.052940382482248194,74,14.2501604346655,624.1957435211806,139,305,9.016717582858783,331,,,Perennial,Perennial,dry,407.34570123352916,382.82214940627944,0.9397967089060049
fj_grain_12k_update_2025-09-30,2006,36,73.8355946268808,35.0,1798.061667460116,2441.78113267514,47,78,2118.29285848763,3727.999254694498,6089.607755635592,41,6,2,4,1,1,125,3408.93540959604,0.040864859118936225,35,180.556668812227,1346.2975748833321,277,160,13.260372772939455,336,,,Perennial,Perennial,wet,899.1618274091427,1105.723905404123,1.22972736575147
fj_grain_12k_update_2025-09-30,2007,47,374.84045923296,1.0,393.1141332799844,631.234708678375,105,71,2118.29285848763,3727.999254694498,6089.607755635592,3,1,,1,1,,176,987.505171111414,0.05554516307362948,94,10.1385592091373,23.17014974972766,138,270,7.481065780093057,330,,,Perennial,Perennial,moderate,360.6400717527856,463.1050442409098,1.2841197651445753
fj_grain_12k_update_2025-09-30,2008,19,44.9667251539048,18.0,83.72055079407096,481.171776395344,199,42,2118.29285848763,3727.999254694498,6089.607755635592,,,,,,,241,1170.47323899833,0.0673866196559009,52,25.670429505273,228.617086299633,217,293,9.68388375044151,332,,,Perennial,Perennial,dry,357.47941550648875,381.7796519295101,1.0679766033201996
fj_grain_12k_update_2025-09-30,2009,45,140.243088350151,44.0,413.8671389045378,564.8876463611305,92,144,2118.29285848763,3727.999254694498,6089.607755635592,,,,,,,236,808.569024506939,0.058919601137184634,50,15.611485863525651,505.19141076701277,258,286,7.382686755992618,330,,,Perennial,Perennial,dry,246.62562727206003,262.21375595796917,1.063205632189689
fj_grain_12k_update_2025-09-30,2010,72,55.3734547050285,71.0,587.2039489013686,931.2406096484344,70,178,2118.29285848763,3727.999254694498,6089.607755635592,,,,,,,248,2068.41416156342,0.05853726045030517,65,97.40007444454841,877.6740642019666,160,313,9.650090568917687,332,,,Perennial,Perennial,moderate,392.76324903995464,413.4166157487479,1.0525847740573413
fj_grain_12k_update_2025-09-30,2011,39,378.675946768887,38.0,541.1058423731264,1029.12665314614,158,107,2118.29285848763,3727.999254694498,6089.607755635592,,,,,,,265,1390.88388668652,0.048342515732660976,72,74.70517742242836,114.2488736250265,116,337,49.60336631165127,337,,,Perennial,Perennial,moderate,643.8618010846686,467.6517535596132,0.7263231842171616
fj_grain_12k_update_2025-09-30,2012,,,,192.6787751937952,486.8679217856565,142,87,2118.29285848763,3727.999254694498,6089.607755635592,1,,,1,,,229,1347.63486447149,0.05879702477208992,66,21.146291661784,505.82631043507746,187,295,8.282487531788897,332,,,Perennial,Perennial,moderate,360.34630953848887,444.18330761448624,1.2326567411870293
fj_grain_12k_update_2025-09-30,2013,52,123.850420599294,51.0,374.6378805709334,490.095024265011,105,116,2118.29285848763,3727.999254694498,6089.607755635592,1,,,1,,,221,659.56442864342,0.05834084244577028,47,10.90969583133375,43.37248662261301,174,268,7.981508649855464,330,,,Perennial,Perennial,moderate,282.8488723892848,313.3096764170905,1.1076928600439406
fj_grain_12k_update_2025-09-30,2014,,,,58.153017355401765,96.3019926755469,104,76,2118.29285848763,3727.999254694498,6089.607755635592,,,,,,,180,600.303515802015,0.041832619335235105,68,8.75864146656978,562.6847550521222,227,248,6.68116428743129,329,,,Perennial,Perennial,dry,134.0079613634285,229.94232950083486,1.7158855874035208
fj_grain_12k_update_2025-09-30,2015,54,105.24609827027,24.0,437.497016253246,566.355248704582,21,109,2118.29285848763,3727.999254694498,6089.607755635592,5,2,1,1,1,1,130,6196.45980063888,0.036199570049942946,63,13.2143759449984,1026.620399040022,329,193,6.619662580740387,330,,,Perennial,Perennial,moderate,327.2052633221617,571.6255687417282,1.746993807305947
fj_grain_12k_update_2025-09-30,2016,71,191.733756754927,70.0,1262.158288602826,1715.24113056772,39,156,2118.29285848763,3727.999254694498,6089.607755635592,10,,,5,,,195,1863.63160274132,0.05717495774466359,96,13.836577660575301,489.0387519550727,144,291,9.660570873610762,332,,,Perennial,Perennial,wet,532.0528453194353,652.5800192424142,1.226532335994964
fj_grain_12k_update_2025-09-30,2017,18,162.104207724968,17.0,831.9676561858887,1455.1362660845548,148,69,2118.29285848763,3727.999254694498,6089.607755635592,31,3,1,6,1,1,217,2195.84309010042,0.05246344963780574,90,54.1770191366887,255.62517856773,161,307,15.73690516096817,331,,,Perennial,Perennial,wet,948.3401662451132,924.5178210117518,0.9748799575497427
fj_grain_12k_update_2025-09-30,2018,41,113.251279249814,40.0,252.09232015036253,356.0055983449815,116,102,2118.29285848763,3727.999254694498,6089.607755635592,,,,,,,218,447.131176158774,0.05841711731334455,51,9.78886961850592,21.16212791916612,173,269,7.25025103335265,330,,,Perennial,Perennial,dry,214.56720236144866,217.31907343080127,1.0128252176430812
fj_grain_12k_update_2025-09-30,2019,,,,186.914891449566,773.984030697918,145,76,2118.29285848763,3727.999254694498,6089.607755635592,2,,,1,,,221,1472.16811295441,0.056706261751873765,75,44.03092940185215,159.2602546655325,184,296,10.593334807802528,331,,,Perennial,Perennial,moderate,468.6097714988388,548.6091282628151,1.1707163649364374
fj_grain_12k_update_2025-09-30,2020,75,166.301028881929,3.0,162.6833747996118,238.337418896875,117,114,2118.29285848763,3727.999254694498,6089.607755635592,,,,,,,231,372.691459576874,0.06160091283569817,39,9.379840556248954,13.05315202482727,172,270,6.938462114710264,331,,,Perennial,Perennial,dry,133.66401754804735,125.92955964226249,0.942135078327983
fj_grain_12k_update_2025-09-30,2021,,,,51.13851455342796,253.96889821621,142,76,2118.29285848763,3727.999254694498,6089.607755635592,,,,,,,218,331.8588516097,0.0714871113058034,38,10.4813346457995,162.16062617499603,207,256,6.791816150872483,300,,,Perennial,Perennial,dry,112.65148962254764,128.51167969050826,1.1407898832150563
fj_grain_12k_update_2025-09-30,2022,35,52.883120810371,34.0,229.1496404665587,269.84730430704246,134,97,2118.29285848763,3727.999254694498,6089.607755635592,,,,,,,231,327.262888884073,0.04648503096503067,60,28.2174156461322,52.0536430507337,151,291,15.106946860280011,330,,,Perennial,Perennial,moderate,156.0251640434956,116.43081116079567,0.746230980589374
fj_grain_12k_update_2025-09-30,2023,,,,348.551724683123,663.466801504219,166,76,2118.29285848763,3727.999254694498,6089.607755635592,,,,,,,242,1635.86303796236,0.06460437775034604,56,35.4775107012353,77.74558221270036,146,298,9.972525329753596,331,,,Perennial,Perennial,wet,438.033358462414,497.5258746288396,1.1358173185148646
fj_grain_12k_update_2025-09-30,2024,,,,387.2966942713825,881.9810638493475,152,78,2118.29285848763,3727.999254694498,6089.607755635592,1,,,1,,,230,1686.75825775967,0.06256193775302092,62,35.648360116139,1099.9232735537446,197,292,9.541872895006845,333,,,Perennial,Perennial,unknown,490.9834731359689,513.8566218726387,1.0465863923903107
fj_grain_12k_update_2025-09-30,2025,54,626.618215215347,53.0,1095.9623985140802,1342.756413023195,76,123,2118.29285848763,3727.999254694498,6089.607755635592,14,,,3,,,199,1833.21623289104,0.05286939332073631,96,36.139705459450596,1124.0567650269534,194,295,,,,,,,unknown,700.2989527115692,733.9058713973305,1.0479893887540954
fj_grain_14k_update_2025-09-30,1991,,,,,,,,2118.29285848763,3727.999254694498,6089.607755635592,,,,,,,237,376.500150474458,0.045620530477906214,45,18.7597863616494,349.75889566491753,276,282,6.994420446395081,330,,,Perennial,Perennial,dry,141.5141966133854,114.1891193950444,0.8069092863312316
fj_grain_14k_update_2025-09-30,1992,68,94.7813324976936,67.0,473.603851483024,611.539710850739,21,192,2118.29285848763,3727.999254694498,6089.607755635592,,,,,,,213,538.71559531238,0.04828972699250527,51,10.47767361026495,120.42017213433223,212,264,6.438919920765974,332,,,Perennial,Perennial,dry,141.85724457952924,183.0050215014441,1.2900646847038273
fj_grain_14k_update_2025-09-30,1993,72,75.6887889880355,20.0,515.070120652519,1005.13981972363,133,110,2118.29285848763,3727.999254694498,6089.607755635592,5,,,2,,,243,2416.10504015241,0.05419727097944895,64,,,,307,11.85847024893717,333,,,Perennial,Perennial,moderate,478.29449045285935,573.952564479166,1.1999982770776547
fj_grain_14k_update_2025-09-30,1994,73,181.56092964826,72.0,,,,,2118.29285848763,3727.999254694498,6089.607755635592,,,,,,,222,353.173823940764,0.05617002701329929,36,7.0766919710143945,10.357478833991241,184,258,4.790942194545739,331,,,Perennial,Perennial,dry,127.49943379102656,113.17434077360708,0.8876458303265996
fj_grain_14k_update_2025-09-30,1995,,,,13.03659798866861,992.749031264398,114,76,2118.29285848763,3727.999254694498,6089.607755635592,17,2,,6,1,,190,1654.38741998438,0.05055998828711081,135,54.628646311359546,570.3030074519229,130,325,24.2083754416425,332,,,Perennial,Perennial,wet,662.8314834823251,768.6955584328412,1.159714916368089
fj_grain_14k_update_2025-09-30,1996,74,2041.40068953093,3.0,965.4145554507949,1238.48585381079,119,89,2118.29285848763,3727.999254694498,6089.607755635592,12,,,3,,,208,1916.0250391013,0.06009826202872988,83,607.8088838885494,1601.511840326809,278,291,8.234805783173066,332,,,Perennial,Perennial,wet,655.0803080226809,676.1343088714169,1.0321395721881583
fj_grain_14k_update_2025-09-30,1997,50,1615.53605474414,49.0,,,,203,2118.29285848763,3727.999254694498,6089.607755635592,15,7,4,2,2,1,124,1789.42768104493,0.026414028469313486,38,164.334365717074,633.6447384922611,305,162,35.833579937800955,299,,,Perennial,Perennial,wet,698.8197404250595,1241.8771170396374,1.777106520036571
fj_grain_14k_update_2025-09-30,1998,58,277.977135024422,5.0,910.095127281097,1282.32071528357,119,101,2118.29285848763,3727.999254694498,6089.607755635592,9,3,,2,1,,220,1815.58628472636,0.05156533058351547,106,540.5207102261825,1396.80067108453,190,326,25.239231001142073,331,,,Perennial,Perennial,wet,733.9340754975736,745.0755154634167,1.0151804369599404
fj_grain_14k_update_2025-09-30,1999,55,1528.69303833785,54.0,765.3292601298988,1034.77511964898,90,150,2118.29285848763,3727.999254694498,6089.607755635592,1,,,1,,,240,1587.34338348008,0.06187983790171647,63,70.12101077646315,747.156442972713,198,303,11.591455983483957,332,,,Perennial,Perennial,wet,639.8263702347631,524.7712976542458,0.8201776639210703
fj_grain_14k_update_2025-09-30,2000,62,272.11503931175,61.0,880.1210027474339,970.51452468611,62,135,2118.29285848763,3727.999254694498,6089.607755635592,,,,,,,197,1550.20126446048,0.04857369681219363,106,49.8254306351759,137.9402401848248,217,303,9.84658159666371,333,,,Perennial,Perennial,moderate,456.569564319259,427.0290412787281,0.9352989657018081
fj_grain_14k_update_2025-09-30,2001,,,,160.34059449309729,207.843872429253,74,154,2118.29285848763,3727.999254694498,6089.607755635592,,,,,,,228,277.857837665768,0.08280011600879061,24,10.2523605184093,683.3914672861756,304,252,5.012470199925202,330,,,Perennial,Perennial,dry,96.99834369804307,106.54686766186803,1.09844007227123
fj_grain_14k_update_2025-09-30,2002,68,47.8193613705239,67.0,842.6791913671532,897.541057536238,7,190,2118.29285848763,3727.999254694498,6089.607755635592,,,,,,,197,1301.35323612177,0.049966869977861046,87,9.561304194807754,27.41674688861564,158,284,6.6362420810627345,331,,,Perennial,Perennial,moderate,296.1953548990553,329.1357322885345,1.111211660968503
fj_grain_14k_update_2025-09-30,2003,,,,768.4005325548214,1079.546637260075,166,76,2118.29285848763,3727.999254694498,6089.607755635592,8,,,5,,,242,1502.60874260106,0.05281475796950047,63,50.070328039538,88.03660881696979,125,305,35.17302149004197,330,,,Perennial,Perennial,wet,645.6491873840216,635.9152472707046,0.9849237940610504
fj_grain_14k_update_2025-09-30,2004,55,94.9531399864271,2.0,383.8125214547326,666.889933082865,119,64,2118.29285848763,3727.999254694498,6089.607755635592,2,,,1,,,183,1045.27440714325,0.04642946191946688,102,14.4234557172301,363.1055311679566,195,285,7.822131012927906,331,,,Perennial,Perennial,moderate,422.60600172206546,433.47494442875177,1.0257188555354082
fj_grain_14k_update_2025-09-30,2005,70,1153.28742181633,21.0,603.5850249398488,772.5492088669,117,114,2118.29285848763,3727.999254694498,6089.607755635592,,,,,,,231,1481.20605174414,0.052940382482248194,74,14.2501604346655,624.1957435211806,139,305,9.016717582858783,331,,,Perennial,Perennial,dry,407.34570123352916,382.82214940627944,0.9397967089060049
fj_grain_14k_update_2025-09-30,2006,36,73.8355946268808,35.0,1798.061667460116,2441.78113267514,47,78,2118.29285848763,3727.999254694498,6089.607755635592,41,6,2,4,1,1,125,3408.93540959604,0.040864859118936225,35,180.556668812227,1346.2975748833321,277,160,13.260372772939455,336,,,Perennial,Perennial,wet,899.1618274091427,1105.723905404123,1.22972736575147
fj_grain_14k_update_2025-09-30,2007,47,374.84045923296,1.0,393.1141332799844,631.234708678375,105,71,2118.29285848763,3727.999254694498,6089.607755635592,3,1,,1,1,,176,987.505171111414,0.05554516307362948,94,10.1385592091373,23.17014974972766,138,270,7.481065780093057,330,,,Perennial,Perennial,moderate,360.6400717527856,463.1050442409098,1.2841197651445753
fj_grain_14k_update_2025-09-30,2008,19,44.9667251539048,18.0,83.72055079407096,481.171776395344,199,42,2118.29285848763,3727.999254694498,6089.607755635592,,,,,,,241,1170.47323899833,0.0673866196559009,52,25.670429505273,228.617086299633,217,293,9.68388375044151,332,,,Perennial,Perennial,dry,357.47941550648875,381.7796519295101,1.0679766033201996
fj_grain_14k_update_2025-09-30,2009,45,140.243088350151,44.0,413.8671389045378,564.8876463611305,92,144,2118.29285848763,3727.999254694498,6089.607755635592,,,,,,,236,808.569024506939,0.058919601137184634,50,15.611485863525651,505.19141076701277,258,286,7.382686755992618,330,,,Perennial,Perennial,dry,246.62562727206003,262.21375595796917,1.063205632189689
fj_grain_14k_update_2025-09-30,2010,72,55.3734547050285,71.0,587.2039489013686,931.2406096484344,70,178,2118.29285848763,3727.999254694498,6089.607755635592,,,,,,,248,2068.41416156342,0.05853726045030517,65,97.40007444454841,877.6740642019666,160,313,9.650090568917687,332,,,Perennial,Perennial,moderate,392.76324903995464,413.4166157487479,1.0525847740573413
fj_grain_14k_update_2025-09-30,2011,39,378.675946768887,38.0,541.1058423731264,1029.12665314614,158,107,2118.29285848763,3727.999254694498,6089.607755635592,,,,,,,265,1390.88388668652,0.048342515732660976,72,74.70517742242836,114.2488736250265,116,337,49.60336631165127,337,,,Perennial,Perennial,moderate,643.8618010846686,467.6517535596132,0.7263231842171616
fj_grain_14k_update_2025-09-30,2012,,,,192.6787751937952,486.8679217856565,142,87,2118.29285848763,3727.999254694498,6089.607755635592,1,,,1,,,229,1347.63486447149,0.05879702477208992,66,21.146291661784,505.82631043507746,187,295,8.282487531788897,332,,,Perennial,Perennial,moderate,360.34630953848887,444.18330761448624,1.2326567411870293
fj_grain_14k_update_2025-09-30,2013,52,123.850420599294,51.0,374.6378805709334,490.095024265011,105,116,2118.29285848763,3727.999254694498,6089.607755635592,1,,,1,,,221,659.56442864342,0.05834084244577028,47,10.90969583133375,43.37248662261301,174,268,7.981508649855464,330,,,Perennial,Perennial,moderate,282.8488723892848,313.3096764170905,1.1076928600439406
fj_grain_14k_update_2025-09-30,2014,,,,58.153017355401765,96.3019926755469,104,76,2118.29285848763,3727.999254694498,6089.607755635592,,,,,,,180,600.303515802015,0.041832619335235105,68,8.75864146656978,562.6847550521222,227,248,6.68116428743129,329,,,Perennial,Perennial,dry,134.0079613634285,229.94232950083486,1.7158855874035208
fj_grain_14k_update_2025-09-30,2015,54,105.24609827027,24.0,437.497016253246,566.355248704582,21,109,2118.29285848763,3727.999254694498,6089.607755635592,5,2,1,1,1,1,130,6196.45980063888,0.036199570049942946,63,13.2143759449984,1026.620399040022,329,193,6.619662580740387,330,,,Perennial,Perennial,moderate,327.2052633221617,571.6255687417282,1.746993807305947
fj_grain_14k_update_2025-09-30,2016,71,191.733756754927,70.0,1262.158288602826,1715.24113056772,39,156,2118.29285848763,3727.999254694498,6089.607755635592,10,,,5,,,195,1863.63160274132,0.05717495774466359,96,13.836577660575301,489.0387519550727,144,291,9.660570873610762,332,,,Perennial,Perennial,wet,532.0528453194353,652.5800192424142,1.226532335994964
fj_grain_14k_update_2025-09-30,2017,18,162.104207724968,17.0,831.9676561858887,1455.1362660845548,148,69,2118.29285848763,3727.999254694498,6089.607755635592,31,3,1,6,1,1,217,2195.84309010042,0.05246344963780574,90,54.1770191366887,255.62517856773,161,307,15.73690516096817,331,,,Perennial,Perennial,wet,948.3401662451132,924.5178210117518,0.9748799575497427
fj_grain_14k_update_2025-09-30,2018,41,113.251279249814,40.0,252.09232015036253,356.0055983449815,116,102,2118.29285848763,3727.999254694498,6089.607755635592,,,,,,,218,447.131176158774,0.05841711731334455,51,9.78886961850592,21.16212791916612,173,269,7.25025103335265,330,,,Perennial,Perennial,dry,214.56720236144866,217.31907343080127,1.0128252176430812
fj_grain_14k_update_2025-09-30,2019,,,,186.914891449566,773.984030697918,145,76,2118.29285848763,3727.999254694498,6089.607755635592,2,,,1,,,221,1472.16811295441,0.056706261751873765,75,44.03092940185215,159.2602546655325,184,296,10.593334807802528,331,,,Perennial,Perennial,moderate,468.6097714988388,548.6091282628151,1.1707163649364374
fj_grain_14k_update_2025-09-30,2020,75,166.301028881929,3.0,162.6833747996118,238.337418896875,117,114,2118.29285848763,3727.999254694498,6089.607755635592,,,,,,,231,372.691459576874,0.06160091283569817,39,9.379840556248954,13.05315202482727,172,270,6.938462114710264,331,,,Perennial,Perennial,dry,133.66401754804735,125.92955964226249,0.942135078327983
fj_grain_14k_update_2025-09-30,2021,,,,51.13851455342796,253.96889821621,142,76,2118.29285848763,3727.999254694498,6089.607755635592,,,,,,,218,331.8588516097,0.0714871113058034,38,10.4813346457995,162.16062617499603,207,256,6.791816150872483,300,,,Perennial,Perennial,dry,112.65148962254764,128.51167969050826,1.1407898832150563
fj_grain_14k_update_2025-09-30,2022,35,52.883120810371,34.0,229.1496404665587,269.84730430704246,134,97,2118.29285848763,3727.999254694498,6089.607755635592,,,,,,,231,327.262888884073,0.04648503096503067,60,28.2174156461322,52.0536430507337,151,291,15.106946860280011,330,,,Perennial,Perennial,moderate,156.0251640434956,116.43081116079567,0.746230980589374
fj_grain_14k_update_2025-09-30,2023,,,,348.551724683123,663.466801504219,166,76,2118.29285848763,3727.999254694498,6089.607755635592,,,,,,,242,1635.86303796236,0.06460437775034604,56,35.4775107012353,77.74558221270036,146,298,9.972525329753596,331,,,Perennial,Perennial,wet,438.033358462414,497.5258746288396,1.1358173185148646
fj_grain_14k_update_2025-09-30,2024,,,,387.2966942713825,881.9810638493475,152,78,2118.29285848763,3727.999254694498,6089.607755635592,1,,,1,,,230,1686.75825775967,0.06256193775302092,62,35.648360116139,1099.9232735537446,197,292,9.541872895006845,333,,,Perennial,Perennial,unknown,490.9834731359689,513.8566218726387,1.0465863923903107
fj_grain_14k_update_2025-09-30,2025,54,626.618215215347,53.0,1095.9623985140802,1342.756413023195,76,123,2118.29285848763,3727.999254694498,6089.607755635592,14,,,3,,,199,1833.21623289104,0.05286939332073631,96,36.139705459450596,1124.0567650269534,194,295,,,,,,,unknown,700.2989527115692,733.9058713973305,1.0479893887540954
fj_grain_6k_update_2025-09-30,1991,,,,,,,,2118.29285848763,3727.999254694498,6089.607755635592,,,,,,,237,376.500150474458,0.045620530477906214,45,18.7597863616494,349.75889566491753,276,282,6.994420446395081,330,,,Perennial,Perennial,dry,141.5141966133854,114.1891193950444,0.8069092863312316
fj_grain_6k_update_2025-09-30,1992,68,94.7813324976936,67.0,473.603851483024,611.539710850739,21,192,2118.29285848763,3727.999254694498,6089.607755635592,,,,,,,213,538.71559531238,0.04828972699250527,51,10.47767361026495,120.42017213433223,212,264,6.438919920765974,332,,,Perennial,Perennial,dry,141.85724457952924,183.0050215014441,1.2900646847038273
fj_grain_6k_update_2025-09-30,1993,72,75.6887889880355,20.0,515.070120652519,1005.13981972363,133,110,2118.29285848763,3727.999254694498,6089.607755635592,5,,,2,,,243,2416.10504015241,0.05419727097944895,64,,,,307,11.85847024893717,333,,,Perennial,Perennial,moderate,478.29449045285935,573.952564479166,1.1999982770776547
fj_grain_6k_update_2025-09-30,1994,73,181.56092964826,72.0,,,,,2118.29285848763,3727.999254694498,6089.607755635592,,,,,,,222,353.173823940764,0.05617002701329929,36,7.0766919710143945,10.357478833991241,184,258,4.790942194545739,331,,,Perennial,Perennial,dry,127.49943379102656,113.17434077360708,0.8876458303265996
fj_grain_6k_update_2025-09-30,1995,,,,13.03659798866861,992.749031264398,114,76,2118.29285848763,3727.999254694498,6089.607755635592,17,2,,6,1,,190,1654.38741998438,0.05055998828711081,135,54.628646311359546,570.3030074519229,130,325,24.2083754416425,332,,,Perennial,Perennial,wet,662.8314834823251,768.6955584328412,1.159714916368089
fj_grain_6k_update_2025-09-30,1996,74,2041.40068953093,3.0,965.4145554507949,1238.48585381079,119,89,2118.29285848763,3727.999254694498,6089.607755635592,12,,,3,,,208,1916.0250391013,0.06009826202872988,83,607.8088838885494,1601.511840326809,278,291,8.234805783173066,332,,,Perennial,Perennial,wet,655.0803080226809,676.1343088714169,1.0321395721881583
fj_grain_6k_update_2025-09-30,1997,50,1615.53605474414,49.0,,,,203,2118.29285848763,3727.999254694498,6089.607755635592,15,7,4,2,2,1,124,1789.42768104493,0.026414028469313486,38,164.334365717074,633.6447384922611,305,162,35.833579937800955,299,,,Perennial,Perennial,wet,698.8197404250595,1241.8771170396374,1.777106520036571
fj_grain_6k_update_2025-09-30,1998,58,277.977135024422,5.0,910.095127281097,1282.32071528357,119,101,2118.29285848763,3727.999254694498,6089.607755635592,9,3,,2,1,,220,1815.58628472636,0.05156533058351547,106,540.5207102261825,1396.80067108453,190,326,25.239231001142073,331,,,Perennial,Perennial,wet,733.9340754975736,745.0755154634167,1.0151804369599404
fj_grain_6k_update_2025-09-30,1999,55,1528.69303833785,54.0,765.3292601298988,1034.77511964898,90,150,2118.29285848763,3727.999254694498,6089.607755635592,1,,,1,,,240,1587.34338348008,0.06187983790171647,63,70.12101077646315,747.156442972713,198,303,11.591455983483957,332,,,Perennial,Perennial,wet,639.8263702347631,524.7712976542458,0.8201776639210703
fj_grain_6k_update_2025-09-30,2000,62,272.11503931175,61.0,880.1210027474339,970.51452468611,62,135,2118.29285848763,3727.999254694498,6089.607755635592,,,,,,,197,1550.20126446048,0.04857369681219363,106,49.8254306351759,137.9402401848248,217,303,9.84658159666371,333,,,Perennial,Perennial,moderate,456.569564319259,427.0290412787281,0.9352989657018081
fj_grain_6k_update_2025-09-30,2001,,,,160.34059449309729,207.843872429253,74,154,2118.29285848763,3727.999254694498,6089.607755635592,,,,,,,228,277.857837665768,0.08280011600879061,24,10.2523605184093,683.3914672861756,304,252,5.012470199925202,330,,,Perennial,Perennial,dry,96.99834369804307,106.54686766186803,1.09844007227123
fj_grain_6k_update_2025-09-30,2002,68,47.8193613705239,67.0,842.6791913671532,897.541057536238,7,190,2118.29285848763,3727.999254694498,6089.607755635592,,,,,,,197,1301.35323612177,0.049966869977861046,87,9.561304194807754,27.41674688861564,158,284,6.6362420810627345,331,,,Perennial,Perennial,moderate,296.1953548990553,329.1357322885345,1.111211660968503
fj_grain_6k_update_2025-09-30,2003,,,,768.4005325548214,1079.546637260075,166,76,2118.29285848763,3727.999254694498,6089.607755635592,8,,,5,,,242,1502.60874260106,0.05281475796950047,63,50.070328039538,88.03660881696979,125,305,35.17302149004197,330,,,Perennial,Perennial,wet,645.6491873840216,635.9152472707046,0.9849237940610504
fj_grain_6k_update_2025-09-30,2004,55,94.9531399864271,2.0,383.8125214547326,666.889933082865,119,64,2118.29285848763,3727.999254694498,6089.607755635592,2,,,1,,,183,1045.27440714325,0.04642946191946688,102,14.4234557172301,363.1055311679566,195,285,7.822131012927906,331,,,Perennial,Perennial,moderate,422.60600172206546,433.47494442875177,1.0257188555354082
fj_grain_6k_update_2025-09-30,2005,70,1153.28742181633,21.0,603.5850249398488,772.5492088669,117,114,2118.29285848763,3727.999254694498,6089.607755635592,,,,,,,231,1481.20605174414,0.052940382482248194,74,14.2501604346655,624.1957435211806,139,305,9.016717582858783,331,,,Perennial,Perennial,dry,407.34570123352916,382.82214940627944,0.9397967089060049
fj_grain_6k_update_2025-09-30,2006,36,73.8355946268808,35.0,1798.061667460116,2441.78113267514,47,78,2118.29285848763,3727.999254694498,6089.607755635592,41,6,2,4,1,1,125,3408.93540959604,0.040864859118936225,35,180.556668812227,1346.2975748833321,277,160,13.260372772939455,336,,,Perennial,Perennial,wet,899.1618274091427,1105.723905404123,1.22972736575147
fj_grain_6k_update_2025-09-30,2007,47,374.84045923296,1.0,393.1141332799844,631.234708678375,105,71,2118.29285848763,3727.999254694498,6089.607755635592,3,1,,1,1,,176,987.505171111414,0.05554516307362948,94,10.1385592091373,23.17014974972766,138,270,7.481065780093057,330,,,Perennial,Perennial,moderate,360.6400717527856,463.1050442409098,1.2841197651445753
fj_grain_6k_update_2025-09-30,2008,19,44.9667251539048,18.0,83.72055079407096,481.171776395344,199,42,2118.29285848763,3727.999254694498,6089.607755635592,,,,,,,241,1170.47323899833,0.0673866196559009,52,25.670429505273,228.617086299633,217,293,9.68388375044151,332,,,Perennial,Perennial,dry,357.47941550648875,381.7796519295101,1.0679766033201996
fj_grain_6k_update_2025-09-30,2009,45,140.243088350151,44.0,413.8671389045378,564.8876463611305,92,144,2118.29285848763,3727.999254694498,6089.607755635592,,,,,,,236,808.569024506939,0.058919601137184634,50,15.611485863525651,505.19141076701277,258,286,7.382686755992618,330,,,Perennial,Perennial,dry,246.62562727206003,262.21375595796917,1.063205632189689
fj_grain_6k_update_2025-09-30,2010,72,55.3734547050285,71.0,587.2039489013686,931.2406096484344,70,178,2118.29285848763,3727.999254694498,6089.607755635592,,,,,,,248,2068.41416156342,0.05853726045030517,65,97.40007444454841,877.6740642019666,160,313,9.650090568917687,332,,,Perennial,Perennial,moderate,392.76324903995464,413.4166157487479,1.0525847740573413
fj_grain_6k_update_2025-09-30,2011,39,378.675946768887,38.0,541.1058423731264,1029.12665314614,158,107,2118.29285848763,3727.999254694498,6089.607755635592,,,,,,,265,1390.88388668652,0.048342515732660976,72,74.70517742242836,114.2488736250265,116,337,49.60336631165127,337,,,Perennial,Perennial,moderate,643.8618010846686,467.6517535596132,0.7263231842171616
fj_grain_6k_update_2025-09-30,2012,,,,192.6787751937952,486.8679217856565,142,87,2118.29285848763,3727.999254694498,6089.607755635592,1,,,1,,,229,1347.63486447149,0.05879702477208992,66,21.146291661784,505.82631043507746,187,295,8.282487531788897,332,,,Perennial,Perennial,moderate,360.34630953848887,444.18330761448624,1.2326567411870293
fj_grain_6k_update_2025-09-30,2013,52,123.850420599294,51.0,374.6378805709334,490.095024265011,105,116,2118.29285848763,3727.999254694498,6089.607755635592,1,,,1,,,221,659.56442864342,0.05834084244577028,47,10.90969583133375,43.37248662261301,174,268,7.981508649855464,330,,,Perennial,Perennial,moderate,282.8488723892848,313.3096764170905,1.1076928600439406
fj_grain_6k_update_2025-09-30,2014,,,,58.153017355401765,96.3019926755469,104,76,2118.29285848763,3727.999254694498,6089.607755635592,,,,,,,180,600.303515802015,0.041832619335235105,68,8.75864146656978,562.6847550521222,227,248,6.68116428743129,329,,,Perennial,Perennial,dry,134.0079613634285,229.94232950083486,1.7158855874035208
fj_grain_6k_update_2025-09-30,2015,54,105.24609827027,24.0,437.497016253246,566.355248704582,21,109,2118.29285848763,3727.999254694498,6089.607755635592,5,2,1,1,1,1,130,6196.45980063888,0.036199570049942946,63,13.2143759449984,1026.620399040022,329,193,6.619662580740387,330,,,Perennial,Perennial,moderate,327.2052633221617,571.6255687417282,1.746993807305947
fj_grain_6k_update_2025-09-30,2016,71,191.733756754927,70.0,1262.158288602826,1715.24113056772,39,156,2118.29285848763,3727.999254694498,6089.607755635592,10,,,5,,,195,1863.63160274132,0.05717495774466359,96,13.836577660575301,489.0387519550727,144,291,9.660570873610762,332,,,Perennial,Perennial,wet,532.0528453194353,652.5800192424142,1.226532335994964
fj_grain_6k_update_2025-09-30,2017,18,162.104207724968,17.0,831.9676561858887,1455.1362660845548,148,69,2118.29285848763,3727.999254694498,6089.607755635592,31,3,1,6,1,1,217,2195.84309010042,0.05246344963780574,90,54.1770191366887,255.62517856773,161,307,15.73690516096817,331,,,Perennial,Perennial,wet,948.3401662451132,924.5178210117518,0.9748799575497427
fj_grain_6k_update_2025-09-30,2018,41,113.251279249814,40.0,252.09232015036253,356.0055983449815,116,102,2118.29285848763,3727.999254694498,6089.607755635592,,,,,,,218,447.131176158774,0.05841711731334455,51,9.78886961850592,21.16212791916612,173,269,7.25025103335265,330,,,Perennial,Perennial,dry,214.56720236144866,217.31907343080127,1.0128252176430812
fj_grain_6k_update_2025-09-30,2019,,,,186.914891449566,773.984030697918,145,76,2118.29285848763,3727.999254694498,6089.607755635592,2,,,1,,,221,1472.16811295441,0.056706261751873765,75,44.03092940185215,159.2602546655325,184,296,10.593334807802528,331,,,Perennial,Perennial,moderate,468.6097714988388,548.6091282628151,1.1707163649364374
fj_grain_6k_update_2025-09-30,2020,75,166.301028881929,3.0,162.6833747996118,238.337418896875,117,114,2118.29285848763,3727.999254694498,6089.607755635592,,,,,,,231,372.691459576874,0.06160091283569817,39,9.379840556248954,13.05315202482727,172,270,6.938462114710264,331,,,Perennial,Perennial,dry,133.66401754804735,125.92955964226249,0.942135078327983
fj_grain_6k_update_2025-09-30,2021,,,,51.13851455342796,253.96889821621,142,76,2118.29285848763,3727.999254694498,6089.607755635592,,,,,,,218,331.8588516097,0.0714871113058034,38,10.4813346457995,162.16062617499603,207,256,6.791816150872483,300,,,Perennial,Perennial,dry,112.65148962254764,128.51167969050826,1.1407898832150563
fj_grain_6k_update_2025-09-30,2022,35,52.883120810371,34.0,229.1496404665587,269.84730430704246,134,97,2118.29285848763,3727.999254694498,6089.607755635592,,,,,,,231,327.262888884073,0.04648503096503067,60,28.2174156461322,52.0536430507337,151,291,15.106946860280011,330,,,Perennial,Perennial,moderate,156.0251640434956,116.43081116079567,0.746230980589374
fj_grain_6k_update_2025-09-30,2023,,,,348.551724683123,663.466801504219,166,76,2118.29285848763,3727.999254694498,6089.607755635592,,,,,,,242,1635.86303796236,0.06460437775034604,56,35.4775107012353,77.74558221270036,146,298,9.972525329753596,331,,,Perennial,Perennial,wet,438.033358462414,497.5258746288396,1.1358173185148646
fj_grain_6k_update_2025-09-30,2024,,,,387.2966942713825,881.9810638493475,152,78,2118.29285848763,3727.999254694498,6089.607755635592,1,,,1,,,230,1686.75825775967,0.06256193775302092,62,35.648360116139,1099.9232735537446,197,292,9.541872895006845,333,,,Perennial,Perennial,unknown,490.9834731359689,513.8566218726387,1.0465863923903107
fj_grain_6k_update_2025-09-30,2025,54,626.618215215347,53.0,1095.9623985140802,1342.756413023195,76,123,2118.29285848763,3727.999254694498,6089.607755635592,14,,,3,,,199,1833.21623289104,0.05286939332073631,96,36.139705459450596,1124.0567650269534,194,295,,,,,,,unknown,700.2989527115692,733.9058713973305,1.0479893887540954
fj_irr_eff_0.1_update_2025-09-30,1991,,,,,,,,2312.50308894798,3730.107834589052,6056.7406732200825,,,,,,,247,430.275657381981,0.023623480904005532,50,76.52805798427309,139.36815848897228,202,297,59.62569968563929,383,,,Perennial,Perennial,dry,190.32981242418128,121.00015176613832,0.6357393527844686
fj_irr_eff_0.1_update_2025-09-30,1992,68,162.5281799187,3.0,311.0872808522873,413.7318804609645,88,133,2312.50308894798,3730.107834589052,6056.7406732200825,,,,,,,221,516.677199580296,0.030267478099892456,43,90.3549006092512,194.14632767162902,212,264,60.2361774632063,368,,,Perennial,Perennial,dry,206.9520470801935,187.6876103274108,0.9069135240526625
fj_irr_eff_0.1_update_2025-09-30,1993,72,259.079700961276,20.0,524.9346760599018,1027.999281457925,134,110,2312.50308894798,3730.107834589052,6056.7406732200825,5,,,2,,,244,2749.47079393437,0.029858857995992676,83,104.34418865766,184.381660044423,151,327,87.32450047341526,368,,,Perennial,Perennial,moderate,556.181347880197,567.2641143092126,1.0199265338027892
fj_irr_eff_0.1_update_2025-09-30,1994,,,,232.493638580239,291.017198346514,111,112,2312.50308894798,3730.107834589052,6056.7406732200825,,,,,,,223,568.920098998514,0.02780478439707926,58,58.9375138757205,89.7178305606251,161,281,52.442283644415184,373,,,Perennial,Perennial,dry,191.41330987186817,115.69063738736676,0.6044022616024451
fj_irr_eff_0.1_update_2025-09-30,1995,,,,66.6867681572929,888.78739363925,95,76,2312.50308894798,3730.107834589052,6056.7406732200825,14,2,,6,1,,171,2724.50651266356,0.03412262631091261,174,113.5979576928755,587.6775782578886,110,345,98.73379344429749,368,,,Perennial,Perennial,wet,744.5354609140596,762.3052146312796,1.0238669004366887
fj_irr_eff_0.1_update_2025-09-30,1996,67,397.601432285504,13.0,916.518113093425,1222.114481130985,146,89,2312.50308894798,3730.107834589052,6056.7406732200825,9,,,2,,,235,1676.10602178968,0.03614747545731759,52,574.039049867213,1623.985967546174,280,287,78.90724673125524,368,,,Perennial,Perennial,wet,717.9796258286898,635.6296847297848,0.8853032340522797
fj_irr_eff_0.1_update_2025-09-30,1997,50,1930.14845339853,45.0,,,,201,2312.50308894798,3730.107834589052,6056.7406732200825,13,7,4,2,2,1,124,1763.05817032589,0.02599447917864904,38,217.5908573815355,704.5048476404636,294,162,82.66045658234995,366,,,Perennial,Perennial,wet,759.2576999214979,1212.3758865251773,1.596791032413012
fj_irr_eff_0.1_update_2025-09-30,1998,,,,860.201348051293,1218.46274430789,164,90,2312.50308894798,3730.107834589052,6056.7406732200825,9,2,,2,1,,254,1655.07989809118,0.03182496223514188,77,178.451060417986,870.5966452965215,143,331,121.27226949858043,367,,,Perennial,Perennial,wet,781.2053420663863,728.8958179563004,0.9330399815601356
fj_irr_eff_0.1_update_2025-09-30,1999,55,1475.72573864299,46.0,874.2652260711983,1089.270534840225,132,108,2312.50308894798,3730.107834589052,6056.7406732200825,,,,,,,240,1852.2559065842,0.03315506841944558,75,136.7652823918825,244.1802685248958,152,315,97.07241763246806,370,,,Perennial,Perennial,wet,712.4085789418638,502.0992905773708,0.7047911906439082
fj_irr_eff_0.1_update_2025-09-30,2000,59,210.111934421616,3.0,710.027125519815,945.4129903470265,136,101,2312.50308894798,3730.107834589052,6056.7406732200825,,,,,,,237,1205.4542148578,0.02643081368426722,80,108.274040743533,141.9501020625796,203,317,72.84930293031412,369,,,Perennial,Perennial,moderate,509.6774616177686,403.4598410935572,0.791598356758673
fj_irr_eff_0.1_update_2025-09-30,2001,,,,208.2786564698047,311.01325983931054,74,154,2312.50308894798,3730.107834589052,6056.7406732200825,,,,,,,228,610.733318419559,0.03365430519868001,46,66.2350404339181,151.61117305213108,183,274,51.16145723352051,380,,,Perennial,Perennial,dry,160.88297214746058,114.16567848746944,0.7096194020012793
fj_irr_eff_0.1_update_2025-09-30,2002,68,159.773922025494,9.0,491.71081332645304,606.7693288224834,106,91,2312.50308894798,3730.107834589052,6056.7406732200825,,,,,,,197,1396.02589018491,0.03063123391190654,106,79.930088640795,118.69288028246663,139,303,61.43029200310065,389,,,Perennial,Perennial,moderate,383.07563026086353,322.5745333974778,0.842064876791598
fj_irr_eff_0.1_update_2025-09-30,2003,,,,786.4492088487104,1097.6575433920948,166,76,2312.50308894798,3730.107834589052,6056.7406732200825,3,,,2,,,242,1646.87814848271,0.03349827746897353,93,122.218392513426,406.540710724967,131,335,93.45119693230137,369,,,Perennial,Perennial,wet,726.0986276642676,612.1999548712298,0.8431360858518216
fj_irr_eff_0.1_update_2025-09-30,2004,67,544.387196191824,9.0,596.2617603658414,934.586306462984,117,100,2312.50308894798,3730.107834589052,6056.7406732200825,1,,,1,,,217,1128.31014278622,0.025749430537118503,95,97.72992732907684,373.36887990215195,168,312,71.43339558343025,366,,,Perennial,Perennial,moderate,484.0538418024566,399.5080531503469,0.8253380484755805
fj_irr_eff_0.1_update_2025-09-30,2005,70,1313.10059462249,10.0,623.2753713680896,764.684133922918,117,114,2312.50308894798,3730.107834589052,6056.7406732200825,,,,,,,231,1634.63397311338,0.032283029883655986,86,90.33704503960445,194.9855521157986,108,317,73.8716292503904,388,,,Perennial,Perennial,dry,476.1965355372755,370.68341132840584,0.7784252586175937
fj_irr_eff_0.1_update_2025-09-30,2006,38,177.931955253319,1.0,793.1724674248088,1335.72536096726,173,59,2312.50308894798,3730.107834589052,6056.7406732200825,32,6,2,6,1,1,232,2329.75679694189,0.03501425641435081,77,106.616736511917,240.33933664450927,128,309,88.51977289995291,375,,,Perennial,Perennial,wet,963.9524565671397,1065.0450476064266,1.1048730052510072
fj_irr_eff_0.1_update_2025-09-30,2007,45,250.586911902952,4.0,400.8537336597717,664.0594666292691,118,71,2312.50308894798,3730.107834589052,6056.7406732200825,3,1,,1,1,,189,919.367810508493,0.027439819822737903,107,88.8248313616195,152.02541082336822,133,296,64.49356549250821,367,,,Perennial,Perennial,moderate,425.2685387773625,440.9867733134881,1.0369607274060648
fj_irr_eff_0.1_update_2025-09-30,2008,18,347.461271944852,13.0,247.9575596154208,517.549153036344,178,63,2312.50308894798,3730.107834589052,6056.7406732200825,1,,,1,,,241,1338.40441169977,0.03245309683022216,67,100.697708161129,169.2489345868292,145,308,71.42020630279515,380,,,Perennial,Perennial,dry,431.08308549742156,394.0521372638752,0.9140978862791223
fj_irr_eff_0.1_update_2025-09-30,2009,44,268.953195393682,8.0,221.7420972768304,469.486014194177,149,87,2312.50308894798,3730.107834589052,6056.7406732200825,,,,,,,236,990.335331014084,0.03668735158184323,56,74.5877745485016,104.83347132196909,150,292,60.619356195232854,371,,,Perennial,Perennial,dry,315.4245613762481,279.35739489501026,0.8856551743343289
fj_irr_eff_0.1_update_2025-09-30,2010,,,,258.4827621075729,540.5392872123435,172,76,2312.50308894798,3730.107834589052,6056.7406732200825,1,,,1,,,248,2353.23021887228,0.03125137884040788,85,98.3653971818654,342.59690058498586,98,333,82.13238202951946,362,,,Perennial,Perennial,moderate,462.297739452343,424.7944492503225,0.9188763279559868
fj_irr_eff_0.1_update_2025-09-30,2011,25,204.760552552909,24.0,528.9099140323162,1011.79618480017,207,65,2312.50308894798,3730.107834589052,6056.7406732200825,,,,,,,272,1589.54838385946,0.0328597414939287,69,113.462149501307,134.2761522205304,113,341,98.06650039382643,366,,,Perennial,Perennial,moderate,696.7053191076884,464.15273526015386,0.6662109826499124
fj_irr_eff_0.1_update_2025-09-30,2012,,,,196.512248077032,474.883803785848,141,88,2312.50308894798,3730.107834589052,6056.7406732200825,1,,,1,,,229,1491.25017242238,0.03318656709529142,81,90.02767384432835,525.8914255896344,172,310,65.14791859043129,373,,,Perennial,Perennial,moderate,412.138590249711,440.13152522673374,1.06792116933302
fj_irr_eff_0.1_update_2025-09-30,2013,52,169.724475186194,40.0,375.7175267759346,508.175643165467,105,116,2312.50308894798,3730.107834589052,6056.7406732200825,1,,,1,,,221,875.762535243125,0.027896460650268014,69,75.5922663195661,94.2044159155872,171,290,64.05779429958191,366,,,Perennial,Perennial,moderate,339.8709810657189,305.0027608938509,0.8974074807371514
fj_irr_eff_0.1_update_2025-09-30,2014,,,,86.49924774462716,366.555127492477,97,95,2312.50308894798,3730.107834589052,6056.7406732200825,,,,,,,192,418.35842879439,0.021852393352964107,26,81.7656134065318,281.18061673303407,229,218,56.35848107615085,369,,,Perennial,Perennial,dry,184.25444280959724,212.580895103542,1.153735518460287
fj_irr_eff_0.1_update_2025-09-30,2015,54,338.559261923391,14.0,416.4457635534452,553.619856130223,49,81,2312.50308894798,3730.107834589052,6056.7406732200825,4,2,1,1,1,1,130,6156.38214994473,0.03504485824248793,63,93.0069298994051,310.6938448094706,279,193,57.90906296008105,376,,,Perennial,Perennial,moderate,385.67306245582324,541.5992300671544,1.4042962363470528
fj_irr_eff_0.1_update_2025-09-30,2016,71,287.207665455717,13.0,948.6631086699608,1337.45655623426,89,106,2312.50308894798,3730.107834589052,6056.7406732200825,7,,,4,,,195,1915.7007082208,0.03267417113685319,104,114.842605547302,536.7709179799915,136,299,73.36877829171941,362,,,Perennial,Perennial,wet,602.7065480800798,625.4264328485388,1.0376964292835926
fj_irr_eff_0.1_update_2025-09-30,2017,18,262.385268215841,17.0,820.7647116943532,1450.76155955582,148,69,2312.50308894798,3730.107834589052,6056.7406732200825,25,3,1,5,1,1,217,2323.89983493541,0.03620523156341053,111,100.897661112284,154.0668773191646,87,328,91.95878381660513,380,,,Perennial,Perennial,wet,1011.4101923345715,892.6483440881013,0.8825779598163431
fj_irr_eff_0.1_update_2025-09-30,2018,44,182.049391982289,1.0,205.2670531609374,334.447187791966,169,49,2312.50308894798,3730.107834589052,6056.7406732200825,,,,,,,218,580.302498402569,0.030136754489540882,63,71.0166544881301,102.322587479386,161,281,58.898931084126495,370,,,Perennial,Perennial,dry,270.77724627458025,216.60866976746863,0.7999515201060052
fj_irr_eff_0.1_update_2025-09-30,2019,,,,253.3233138177772,771.872385294093,145,76,2312.50308894798,3730.107834589052,6056.7406732200825,1,,,1,,,221,1621.9244943107,0.02880083394995491,94,86.27612608316315,167.713552198535,166,315,76.86511189604774,367,,,Perennial,Perennial,moderate,542.8847539408104,540.7118054536046,0.99599740373729
fj_irr_eff_0.1_update_2025-09-30,2020,69,194.042493967924,22.0,217.1516287612806,274.392201779291,129,115,2312.50308894798,3730.107834589052,6056.7406732200825,,,,,,,244,480.808002628934,0.03034987450644315,46,65.3847662594101,100.50683238728281,179,290,55.83941094587543,391,,,Perennial,Perennial,dry,199.7037893422728,137.46795844486485,0.6883592890130802
fj_irr_eff_0.1_update_2025-09-30,2021,,,,241.8246159406006,308.68006394970496,124,103,2312.50308894798,3730.107834589052,6056.7406732200825,,,,,,,227,480.299414204727,0.025889313419733846,49,87.26810035805201,208.697890612413,186,276,57.983348716277206,371,,,Perennial,Perennial,dry,183.92560802128975,139.01851907024263,0.7558410194525548
fj_irr_eff_0.1_update_2025-09-30,2022,28,142.38825407598,16.0,249.5116134075615,289.556470918513,152,96,2312.50308894798,3730.107834589052,6056.7406732200825,,,,,,,248,464.433564439854,0.028545415082169227,47,66.0187503620403,98.87131207325626,147,295,58.24666953938365,390,,,Perennial,Perennial,moderate,220.547575728491,116.62524322960135,0.5287985725727266
fj_irr_eff_0.1_update_2025-09-30,2023,,,,351.666255531156,672.7857044366775,166,76,2312.50308894798,3730.107834589052,6056.7406732200825,,,,,,,242,1813.70120089413,0.030942630563233375,81,94.0668951261743,182.6208172154607,132,323,80.87197015862678,367,,,Perennial,Perennial,wet,503.1086341178232,520.2644405122511,1.034099606389204
fj_irr_eff_0.1_update_2025-09-30,2024,68,201.379843535179,5.0,576.773116272711,903.9310094207,141,89,2312.50308894798,3730.107834589052,6056.7406732200825,,,,,,,230,1930.22222998823,0.032725092424560544,78,90.3244580585521,368.1695039672494,140,308,74.92811935746325,372,,,Perennial,Perennial,unknown,558.8493820065444,509.00103248380753,0.9108018168620734
fj_irr_eff_0.1_update_2025-09-30,2025,54,902.785530791077,4.0,778.0514056168762,1466.55122119703,140,82,2312.50308894798,3730.107834589052,6056.7406732200825,10,,,3,,,222,1825.98755767099,0.03186504593087373,83,104.46583215274,364.4538230732482,143,305,,,,,,,unknown,775.6532480864528,706.8598710333633,0.9113091098080184
fj_irr_eff_0.2_update_2025-09-30,1991,,,,,,,,2117.2542639478,3714.6911841155115,6066.800203191567,,,,,,,237,401.482751228654,0.04228057764149925,49,37.4493885017213,349.0673645961143,272,286,7.760556726655677,330,,,Perennial,Perennial,dry,147.15173497378169,116.94959475223985,0.7947551197617683
fj_irr_eff_0.2_update_2025-09-30,1992,68,107.06938552301,67.0,481.349535059402,618.70732112618,21,192,2117.2542639478,3714.6911841155115,6066.800203191567,,,,,,,213,547.542872305245,0.045757210663544816,55,11.1183779223114,129.66695998310956,208,268,6.859833086593247,332,,,Perennial,Perennial,dry,146.5699970113401,184.33069153008407,1.2576290870485753
fj_irr_eff_0.2_update_2025-09-30,1993,73,114.194434267781,21.0,511.32851944709097,981.2979235792955,134,110,2117.2542639478,3714.6911841155115,6066.800203191567,5,,,2,,,244,2446.67572913891,0.05211274120616365,69,,,,313,16.647986018227787,331,,,Perennial,Perennial,moderate,479.1473859250249,567.3269482568522,1.184034317878185
fj_irr_eff_0.2_update_2025-09-30,1994,73,189.755395606708,72.0,,,,,2117.2542639478,3714.6911841155115,6066.800203191567,,,,,,,222,391.276951504305,0.06246956209482573,41,7.75664624625275,10.914922238520662,179,263,5.5079193842861764,330,,,Perennial,Perennial,dry,132.788772969404,116.28154609323666,0.8756880833594962
fj_irr_eff_0.2_update_2025-09-30,1995,,,,13.6515453196211,981.6504571450571,114,76,2117.2542639478,3714.6911841155115,6066.800203191567,16,2,,6,1,,190,1643.33278483121,0.05046855571797605,137,53.827369193310545,557.8891418389221,128,327,28.090898633613957,331,,,Perennial,Perennial,wet,666.3386731078409,766.8096229202908,1.1507806073206703
fj_irr_eff_0.2_update_2025-09-30,1996,67,370.281764925334,10.0,940.640891633581,1233.50746676037,119,89,2117.2542639478,3714.6911841155115,6066.800203191567,12,,,3,,,208,1914.85135778642,0.05837038312541777,87,617.792041805818,1605.4557324451262,272,295,8.430031835818683,331,,,Perennial,Perennial,wet,656.196196750951,670.1592030268107,1.0212787064981408
fj_irr_eff_0.2_update_2025-09-30,1997,50,1679.68825329931,49.0,,,,201,2117.2542639478,3714.6911841155115,6066.800203191567,15,7,4,2,2,1,124,1780.89105520408,0.025503094957304545,39,156.175206250696,637.550679605847,301,163,39.237202849031746,299,,,Perennial,Perennial,wet,700.1061366388896,1231.8155763257241,1.759469760170217
fj_irr_eff_0.2_update_2025-09-30,1998,58,251.279770132901,5.0,884.5167427570904,1261.6434465397151,122,98,2117.2542639478,3714.6911841155115,6066.800203191567,9,3,,2,1,,220,1832.39018032709,0.051442828824358244,107,518.732153499401,1381.408438414136,189,327,28.44546039869847,331,,,Perennial,Perennial,wet,733.9624334157447,747.2645098799059,1.0181236475581663
fj_irr_eff_0.2_update_2025-09-30,1999,55,1507.84961899169,54.0,786.3702413299802,1034.248465156825,90,150,2117.2542639478,3714.6911841155115,6066.800203191567,,,,,,,240,1637.59758485283,0.05776915513179575,67,75.7747581299332,738.2682645290668,195,307,11.234346167096255,333,,,Perennial,Perennial,wet,643.8279223718765,522.8899652385957,0.8121579494599385
fj_irr_eff_0.2_update_2025-09-30,2000,52,162.772578666888,51.0,877.698220414995,964.379050944308,61,136,2117.2542639478,3714.6911841155115,6066.800203191567,,,,,,,197,1546.33026197785,0.04568847335295063,110,58.3396251228787,134.5989748704724,213,307,10.1344057068378,333,,,Perennial,Perennial,moderate,455.1197802746688,423.09925373761405,0.9296437379238273
fj_irr_eff_0.2_update_2025-09-30,2001,,,,175.5670902005729,214.5969849782715,74,154,2117.2542639478,3714.6911841155115,6066.800203191567,,,,,,,228,335.112607670298,0.07923478982212652,28,10.95854860448975,684.6856108532352,300,256,5.624531882337749,330,,,Perennial,Perennial,dry,102.76186924297343,108.4326478931479,1.0551836852711027
fj_irr_eff_0.2_update_2025-09-30,2002,68,47.3856367699753,67.0,845.8278290712958,901.144052761973,7,190,2117.2542639478,3714.6911841155115,6066.800203191567,,,,,,,197,1308.35780217764,0.04925325115223818,90,9.85602429945805,40.600709466563075,155,287,7.189747690041855,331,,,Perennial,Perennial,moderate,301.71275215730554,328.010329762919,1.0871609748596327
fj_irr_eff_0.2_update_2025-09-30,2003,,,,746.394569910788,1076.11543317369,166,76,2117.2542639478,3714.6911841155115,6066.800203191567,7,,,4,,,242,1529.08983785743,0.051428400234845184,71,55.0612591538806,401.95128203015986,153,313,30.34680281622151,331,,,Perennial,Perennial,wet,647.0725175754426,631.5465230687902,0.9760057890190921
fj_irr_eff_0.2_update_2025-09-30,2004,67,525.238635609484,9.0,592.946293560015,928.550870506945,96,100,2117.2542639478,3714.6911841155115,6066.800203191567,1,,,1,,,196,1035.25272599286,0.043634071665346455,93,212.560483381284,798.428401596963,291,289,8.319434859591041,331,,,Perennial,Perennial,moderate,424.83129745687637,427.13020351674237,1.0054113387446446
fj_irr_eff_0.2_update_2025-09-30,2005,70,1157.93980217452,69.0,988.2471061010626,1137.883850849,17,214,2117.2542639478,3714.6911841155115,6066.800203191567,,,,,,,231,1507.88701820476,0.052536964607442296,75,19.92741329572965,587.1545247172851,138,306,9.334684232558343,331,,,Perennial,Perennial,dry,408.469290214328,380.492561947749,0.9315083681030235
fj_irr_eff_0.2_update_2025-09-30,2006,36,81.1658853481294,35.0,1770.063962585468,2400.36916798048,47,78,2117.2542639478,3714.6911841155115,6066.800203191567,40,6,2,4,1,1,125,3403.73078796168,0.04088863335698428,35,182.389753432586,1362.410741761214,277,160,13.276722214090142,334,,,Perennial,Perennial,wet,902.0399630032936,1096.3092948508563,1.215366657593255
fj_irr_eff_0.2_update_2025-09-30,2007,47,369.467005697527,1.0,386.993998529088,614.221173117206,105,71,2117.2542639478,3714.6911841155115,6066.800203191567,3,1,,1,1,,176,983.789365144635,0.047259463055947894,99,10.9985420558627,84.5331093949592,153,275,8.172560121175929,330,,,Perennial,Perennial,moderate,362.87742890891616,458.82766726135225,1.264415008232766
fj_irr_eff_0.2_update_2025-09-30,2008,19,89.2001314428753,18.0,227.8347389056778,507.159488153476,179,62,2117.2542639478,3714.6911841155115,6066.800203191567,1,,,1,,,241,1199.60591802418,0.0624727695662312,56,37.0126842261646,221.4611584756432,213,297,9.967392849770661,332,,,Perennial,Perennial,dry,359.85028576457927,384.26206322910355,1.0678387052344733
fj_irr_eff_0.2_update_2025-09-30,2009,45,161.33618320778,44.0,407.42819118982163,563.0495670043375,92,144,2117.2542639478,3714.6911841155115,6066.800203191567,,,,,,,236,831.434372019023,0.06270673405519432,52,29.70426591353965,491.838604189451,256,288,7.79982216337058,330,,,Perennial,Perennial,dry,249.26417815234313,263.8872104144591,1.0586647964039935
fj_irr_eff_0.2_update_2025-09-30,2010,72,61.4232903799337,71.0,564.0724048265314,903.843703716761,70,178,2117.2542639478,3714.6911841155115,6066.800203191567,,,,,,,248,2106.25235555403,0.055720808482347964,69,120.794631039845,864.360312212473,156,317,10.956001662609014,332,,,Perennial,Perennial,moderate,392.0554474820018,406.70524628932037,1.0373666503077759
fj_irr_eff_0.2_update_2025-09-30,2011,39,380.093671232884,38.0,529.2471568378525,1037.01600692352,158,107,2117.2542639478,3714.6911841155115,6066.800203191567,,,,,,,265,1424.02899035587,0.048200884205692615,72,72.43082704872185,116.0504063890671,118,337,49.100068664487,361,,,Perennial,Perennial,moderate,644.8892783320146,468.9617220893051,0.7271972691223206
fj_irr_eff_0.2_update_2025-09-30,2012,65,117.048321212182,1.0,197.274912449082,508.6593396544215,140,89,2117.2542639478,3714.6911841155115,6066.800203191567,1,,,1,,,229,1358.38253996335,0.05415127217479791,71,31.318246937616003,491.58630460204375,182,300,8.938908885021753,332,,,Perennial,Perennial,moderate,362.35023031556443,443.4099695631599,1.223705499447322
fj_irr_eff_0.2_update_2025-09-30,2013,52,120.732209096467,51.0,367.7536459721804,484.312206709342,105,116,2117.2542639478,3714.6911841155115,6066.800203191567,1,,,1,,,221,694.772660923252,0.05483349689091457,52,11.297737395309,48.178389728587845,169,273,8.386942453648178,330,,,Perennial,Perennial,moderate,283.5451161643093,310.797928246174,1.0961145529520324
fj_irr_eff_0.2_update_2025-09-30,2014,,,,60.05455111909369,94.97103847320355,104,76,2117.2542639478,3714.6911841155115,6066.800203191567,,,,,,,180,587.209254276074,0.0371093019573874,71,9.18912521072084,630.0909222098678,239,251,7.410612727950404,330,,,Perennial,Perennial,dry,133.49753436602407,224.8253936404347,1.6841164498514822
fj_irr_eff_0.2_update_2025-09-30,2015,54,105.735987087945,24.0,685.579300813662,898.4365132300029,6,124,2117.2542639478,3714.6911841155115,6066.800203191567,5,2,1,1,1,1,130,6160.11348782513,0.03194604573473374,78,19.4991630816309,1021.774907947368,314,208,7.4672838927235565,330,,,Perennial,Perennial,moderate,327.063997236303,563.2416975203076,1.7221146389688584
fj_irr_eff_0.2_update_2025-09-30,2016,71,232.321585850764,70.0,1266.3150210732579,1717.79980896966,39,156,2117.2542639478,3714.6911841155115,6066.800203191567,10,,,5,,,195,1871.89560262465,0.05279017526981998,98,18.21289930396015,486.6772021484153,142,293,10.095876576253621,332,,,Perennial,Perennial,wet,535.7227525583987,648.2943959123469,1.2101304131966597
fj_irr_eff_0.2_update_2025-09-30,2017,18,173.813876811076,17.0,806.9471207763445,1448.3852380818398,148,69,2117.2542639478,3714.6911841155115,6066.800203191567,31,3,1,6,1,1,217,2219.1624190983,0.050316926693448075,95,55.371312935886905,256.281837220576,156,312,22.67664451281587,330,,,Perennial,Perennial,wet,951.1678683081186,921.2550963547287,0.9685515323319352
fj_irr_eff_0.2_update_2025-09-30,2018,41,111.656834307565,40.0,247.592166851383,348.6925071743965,116,102,2117.2542639478,3714.6911841155115,6066.800203191567,,,,,,,218,457.012089123607,0.057625451920318774,52,10.0557403889301,32.98696904679635,172,270,7.758933933635442,330,,,Perennial,Perennial,dry,213.7776619546447,216.89512518879232,1.014582736127075
fj_irr_eff_0.2_update_2025-09-30,2019,,,,203.5877156836452,765.32752300798,145,76,2117.2542639478,3714.6911841155115,6066.800203191567,2,,,1,,,221,1493.9923726458,0.054160990517219815,79,44.24398842696195,151.5866138268182,180,300,10.83696332489044,332,,,Perennial,Perennial,moderate,473.14421681964745,546.5225088050541,1.1550865241017558
fj_irr_eff_0.2_update_2025-09-30,2020,75,173.190057937177,3.0,171.9021737313074,235.991029055382,117,114,2117.2542639478,3714.6911841155115,6066.800203191567,,,,,,,231,407.523921730696,0.058127484284570055,45,9.69081910021765,15.868356329617349,166,276,7.480933700436621,331,,,Perennial,Perennial,dry,137.82654393038814,128.4556705954675,0.9320096617988652
fj_irr_eff_0.2_update_2025-09-30,2021,,,,60.00431804929817,246.7070766662875,142,76,2117.2542639478,3714.6911841155115,6066.800203191567,,,,,,,218,363.177398149755,0.06333335470338898,42,11.0690213837991,162.114793950305,201,260,7.490066874380922,300,,,Perennial,Perennial,dry,116.42591762596052,128.11098863078269,1.100364860703633
fj_irr_eff_0.2_update_2025-09-30,2022,27,22.0106773972867,26.0,223.01337377969278,263.816476833269,143,95,2117.2542639478,3714.6911841155115,6066.800203191567,,,,,,,238,318.876444385911,0.041392423830258325,58,35.248035056528906,54.52215256307945,146,296,18.260264108113056,332,,,Perennial,Perennial,moderate,160.54858452758089,113.4365621298335,0.7065559778282945
fj_irr_eff_0.2_update_2025-09-30,2023,,,,345.8522637899095,660.1847650987916,166,76,2117.2542639478,3714.6911841155115,6066.800203191567,,,,,,,242,1667.67390937812,0.061839507373554856,60,47.060933941015946,451.75471211842506,182,302,10.67422396291414,331,,,Perennial,Perennial,wet,444.38311443751246,502.15792253984506,1.1300112588109077
fj_irr_eff_0.2_update_2025-09-30,2024,58,73.4353045140764,57.0,747.7244327918328,969.2749962321604,112,118,2117.2542639478,3714.6911841155115,6066.800203191567,1,,,1,,,230,1727.22727180365,0.056908798362040144,66,31.9167124149347,319.16050510173704,153,296,10.290439369475086,333,,,Perennial,Perennial,unknown,493.148712984613,509.96218776460387,1.0340941268572579
fj_irr_eff_0.2_update_2025-09-30,2025,49,76.0406604037962,30.0,720.9325521185755,1304.87769300007,116,83,2117.2542639478,3714.6911841155115,6066.800203191567,13,,,2,,,199,1831.50608745434,0.048190903024087156,100,34.6924672940632,321.2403738452293,150,299,,,,,,,unknown,705.1136868179409,729.1850412822038,1.0341382601334728
fj_irr_eff_minus_0.1_update_2025-09-30,1991,,,,,,,,2122.22120643029,3743.386639772898,6098.3598254677645,,,,,,,237,359.988295723281,0.043750106592126255,45,11.1904731823663,144.96795533174168,227,282,6.86137757774819,330,,,Perennial,Perennial,dry,138.81464595870108,112.11003701728943,0.8076239811946315
fj_irr_eff_minus_0.1_update_2025-09-30,1992,68,84.0025850039032,67.0,317.70552734291783,406.0184010812785,70,143,2122.22120643029,3743.386639772898,6098.3598254677645,,,,,,,213,550.35529312762,0.04544271280266753,51,10.160319624489,111.71993188918493,212,264,6.33484739929132,332,,,Perennial,Perennial,dry,141.33750449149636,185.09662401054075,1.3096072742792566
fj_irr_eff_minus_0.1_update_2025-09-30,1993,72,74.2478810992855,20.0,528.986241125731,1003.63240663316,133,110,2122.22120643029,3743.386639772898,6098.3598254677645,5,,,2,,,243,2401.50728938786,0.05455522495208579,64,,,,307,13.0744859548516,331,,,Perennial,Perennial,moderate,478.7969147678283,573.0906326257509,1.196938858521355
fj_irr_eff_minus_0.1_update_2025-09-30,1994,73,179.43782332712,72.0,,,,,2122.22120643029,3743.386639772898,6098.3598254677645,,,,,,,222,332.764174155961,0.053513989740984765,35,7.05083317413932,10.37677216835792,185,257,4.637223195772721,331,,,Perennial,Perennial,dry,126.87798777695551,113.05387298261778,0.8910440255512267
fj_irr_eff_minus_0.1_update_2025-09-30,1995,,,,12.73725873378058,1000.9910821013721,114,76,2122.22120643029,3743.386639772898,6098.3598254677645,17,2,,6,1,,190,1656.29322665926,0.049961036440969726,136,56.3443301014655,582.297564532624,129,326,26.006491476639372,331,,,Perennial,Perennial,wet,663.3914739762313,770.6124383578717,1.1616254784508764
fj_irr_eff_minus_0.1_update_2025-09-30,1996,74,2051.07502804459,3.0,968.5657436586492,1240.35430214606,119,89,2122.22120643029,3743.386639772898,6098.3598254677645,12,,,3,,,208,1917.10348526161,0.05980304568864112,82,594.605061061388,1599.3649620031404,279,290,8.27267363961525,332,,,Perennial,Perennial,wet,654.6144350098922,677.3429878018766,1.0347205187915554
fj_irr_eff_minus_0.1_update_2025-09-30,1997,50,1592.11155834166,49.0,,,,203,2122.22120643029,3743.386639772898,6098.3598254677645,15,7,4,2,2,1,124,1794.00796062514,0.025430458780781547,41,163.083127017723,623.8972896262427,302,165,37.56713360326357,299,,,Perennial,Perennial,wet,699.855649435433,1247.9032073976261,1.7830865670717926
fj_irr_eff_minus_0.1_update_2025-09-30,1998,58,286.741246176994,5.0,911.9096962254816,1283.42736412914,119,101,2122.22120643029,3743.386639772898,6098.3598254677645,9,2,,2,1,,220,1803.93694077529,0.05007861495037115,107,544.337984549716,1399.9233132700822,189,327,28.68579451516024,331,,,Perennial,Perennial,wet,734.8146845508969,742.9137150633987,1.0110218680747403
fj_irr_eff_minus_0.1_update_2025-09-30,1999,55,1542.03666882433,53.0,758.3026714554545,1031.095629748655,90,150,2122.22120643029,3743.386639772898,6098.3598254677645,1,,,1,,,240,1555.92027854993,0.05855066688699135,63,67.8732404117787,764.234538159055,198,303,12.074743270744298,332,,,Perennial,Perennial,wet,637.6864599049209,523.7802477097894,0.8213758338037866
fj_irr_eff_minus_0.1_update_2025-09-30,2000,62,270.986367847605,61.0,890.6524903510532,979.664497621201,62,135,2122.22120643029,3743.386639772898,6098.3598254677645,,,,,,,197,1553.93137613717,0.04651879125201424,107,47.8400147282955,138.7188742252205,216,304,10.119586509522819,333,,,Perennial,Perennial,moderate,458.0080286207743,429.8626376668234,0.9385482585562818
fj_irr_eff_minus_0.1_update_2025-09-30,2001,,,,158.3776585787776,212.3254998338935,74,154,2122.22120643029,3743.386639772898,6098.3598254677645,,,,,,,228,252.54390849525,0.08757221542990584,24,10.372416897157951,696.8257918861788,304,252,4.866911119697047,331,,,Perennial,Perennial,dry,96.67945848114948,108.63029945743037,1.1236130318066588
fj_irr_eff_minus_0.1_update_2025-09-30,2002,68,48.1277924762913,67.0,836.6035400168694,890.735136480905,7,190,2122.22120643029,3743.386639772898,6098.3598254677645,,,,,,,197,1291.20088252966,0.05035196561247024,87,9.676308409916295,23.897625263516602,158,284,6.639873045411118,331,,,Perennial,Perennial,moderate,295.0397612725006,330.60209547903867,1.1205340393889909
fj_irr_eff_minus_0.1_update_2025-09-30,2003,,,,709.185581915701,1149.85691257871,101,76,2122.22120643029,3743.386639772898,6098.3598254677645,8,,,5,,,177,2152.69809083321,0.04800865557535419,134,59.4655335413375,408.997419661571,155,311,54.87208686893642,365,,,Perennial,Perennial,wet,648.2565892982101,636.2219082793356,0.9814353124710957
fj_irr_eff_minus_0.1_update_2025-09-30,2004,67,520.545054806743,9.0,590.248506434862,897.142950066032,83,100,2122.22120643029,3743.386639772898,6098.3598254677645,2,,,1,,,183,1046.8539210117,0.04596119719410356,102,14.4755661049011,369.807311559923,195,285,7.885329960721254,331,,,Perennial,Perennial,moderate,420.8164313435185,433.23582042765617,1.0295126049248764
fj_irr_eff_minus_0.1_update_2025-09-30,2005,70,1143.48993157703,14.0,604.0568681263027,780.460102956067,117,114,2122.22120643029,3743.386639772898,6098.3598254677645,,,,,,,231,1468.06584845265,0.0517559778231245,73,14.51202911143425,643.1277238300992,140,304,9.07938786168246,331,,,Perennial,Perennial,dry,408.1583545835697,384.40022757896327,0.9417918885211941
fj_irr_eff_minus_0.1_update_2025-09-30,2006,36,73.0146962058469,35.0,1802.983526519642,2470.40828878604,47,78,2122.22120643029,3743.386639772898,6098.3598254677645,41,7,2,4,2,1,125,3412.96880232293,0.04083613532149539,35,172.383931183466,1335.415581037412,277,160,13.515421158713256,356,,,Perennial,Perennial,wet,899.431105315428,1109.8536749360585,1.233950736612379
fj_irr_eff_minus_0.1_update_2025-09-30,2007,47,373.180588148251,1.0,404.927155397944,640.263900548326,106,71,2122.22120643029,3743.386639772898,6098.3598254677645,3,1,,1,1,,177,991.452729578816,0.053496280460375696,93,10.44646284294345,22.34036711497543,138,270,7.541146316687549,330,,,Perennial,Perennial,moderate,360.39466049852166,464.9454326781959,1.2901007801698636
fj_irr_eff_minus_0.1_update_2025-09-30,2008,20,36.7872769209908,19.0,73.03206252021458,497.899279505126,199,42,2122.22120643029,3743.386639772898,6098.3598254677645,,,,,,,241,1153.52048226758,0.06770908745790669,52,22.359637805447,230.5574539347258,217,293,9.920103719903675,333,,,Perennial,Perennial,dry,357.5996077515118,379.2084461887548,1.060427466833964
fj_irr_eff_minus_0.1_update_2025-09-30,2009,45,126.23311015786,44.0,420.2160865370378,570.3538581196525,92,144,2122.22120643029,3743.386639772898,6098.3598254677645,,,,,,,236,796.002234942292,0.05969807236308423,51,15.8181986713498,516.5429057503054,257,287,7.394822961206018,330,,,Perennial,Perennial,dry,246.5140210202791,262.21938845735366,1.06370983432128
fj_irr_eff_minus_0.1_update_2025-09-30,2010,72,55.7628643036061,71.0,590.2595504429164,931.9647851210605,70,178,2122.22120643029,3743.386639772898,6098.3598254677645,,,,,,,248,2036.51222408569,0.058140256767048926,65,97.3286909957452,897.3963941102315,160,313,9.676875996256003,332,,,Perennial,Perennial,moderate,392.53530449646667,411.18043215145076,1.0474992374989087
fj_irr_eff_minus_0.1_update_2025-09-30,2011,39,379.630726197997,38.0,548.7786199644308,1028.05773050129,158,107,2122.22120643029,3743.386639772898,6098.3598254677645,,,,,,,265,1376.60576635493,0.04735772942205335,72,75.5548793685397,113.0078745440978,115,337,51.09845138361571,337,,,Perennial,Perennial,moderate,645.5807974489713,466.93314440781546,0.7232760736578806
fj_irr_eff_minus_0.1_update_2025-09-30,2012,,,,189.7557160546102,475.485869805985,143,86,2122.22120643029,3743.386639772898,6098.3598254677645,1,,,1,,,229,1330.82880257755,0.0584216061246396,66,16.2956995617075,524.6841953413268,187,295,8.241016329777061,332,,,Perennial,Perennial,moderate,359.7476962165162,444.4178387270373,1.2353597907672544
fj_irr_eff_minus_0.1_update_2025-09-30,2013,52,123.191348368819,51.0,378.60931404198,491.076355091723,105,116,2122.22120643029,3743.386639772898,6098.3598254677645,1,,,1,,,221,635.238468149014,0.055834321465676434,48,11.0249307771065,42.59492918907217,173,269,8.005415242843005,330,,,Perennial,Perennial,moderate,284.15767812983563,314.83304443067743,1.1079519177617498
fj_irr_eff_minus_0.1_update_2025-09-30,2014,,,,58.1366303690614,97.33232260239075,104,76,2122.22120643029,3743.386639772898,6098.3598254677645,,,,,,,180,606.546527608921,0.04293439329519246,64,8.862640707775281,630.900016376549,246,244,6.507554279248541,329,,,Perennial,Perennial,dry,135.2035092980223,232.72362845746812,1.7212839346091757
fj_irr_eff_minus_0.1_update_2025-09-30,2015,54,103.992153748072,53.0,713.8173416148804,933.5067771560696,6,124,2122.22120643029,3743.386639772898,6098.3598254677645,5,2,1,1,1,1,130,6209.84708397734,0.03653746512797641,63,12.2602574396866,1031.904290656696,329,193,6.375971702435382,330,,,Perennial,Perennial,moderate,327.5785076980988,575.3708124120112,1.7564363927754425
fj_irr_eff_minus_0.1_update_2025-09-30,2016,71,167.33335343347,70.0,1260.98213853115,1721.42058414915,39,156,2122.22120643029,3743.386639772898,6098.3598254677645,10,,,5,,,195,1859.30024251363,0.057151536671435424,95,13.86052112726,499.12618623558416,145,290,9.709452374967915,332,,,Perennial,Perennial,wet,531.4634799342464,654.2973389776539,1.2311237999995874
fj_irr_eff_minus_0.1_update_2025-09-30,2017,18,159.768686135665,17.0,843.2345839868559,1456.059209178085,148,69,2122.22120643029,3743.386639772898,6098.3598254677645,31,3,1,6,1,1,217,2180.61220948849,0.052438037071052795,90,54.2448077649574,257.058610701213,161,307,14.824874638132856,332,,,Perennial,Perennial,wet,948.2766494182866,924.0825867122144,0.9744862823302526
fj_irr_eff_minus_0.1_update_2025-09-30,2018,41,112.195787622902,40.0,253.4024194887924,352.406833522036,107,102,2122.22120643029,3743.386639772898,6098.3598254677645,,,,,,,209,651.839059175122,0.061940690798084605,58,9.60747689539484,20.78109876895044,175,267,6.922504591620628,330,,,Perennial,Perennial,dry,216.77050094254002,228.70321219389868,1.0550476711520895
fj_irr_eff_minus_0.1_update_2025-09-30,2019,,,,179.3154833483344,781.796624123241,145,76,2122.22120643029,3743.386639772898,6098.3598254677645,2,,,1,,,221,1453.73132275053,0.05453642752082302,76,44.2703027585142,159.442416218368,183,297,10.565170368419057,331,,,Perennial,Perennial,moderate,466.7789644158066,547.8840755892885,1.17375485477369
fj_irr_eff_minus_0.1_update_2025-09-30,2020,75,152.704551103712,3.0,170.469408652641,242.064591772017,117,114,2122.22120643029,3743.386639772898,6098.3598254677645,,,,,,,231,358.725665591491,0.05716226641221957,39,9.3782248284977,12.75028069016126,172,270,6.752920268598613,331,,,Perennial,Perennial,dry,133.8028992192078,126.38219615736688,0.9445400428156369
fj_irr_eff_minus_0.1_update_2025-09-30,2021,,,,41.26929671081723,261.639989777418,142,76,2122.22120643029,3743.386639772898,6098.3598254677645,,,,,,,218,310.593744896053,0.07225427024747089,36,10.740383667144,173.8011406419061,209,254,6.818270094475344,300,,,Perennial,Perennial,dry,111.81563087127158,128.95899648152238,1.1533181494990374
fj_irr_eff_minus_0.1_update_2025-09-30,2022,36,52.0034913191174,35.0,239.2500855858714,277.710642129107,134,97,2122.22120643029,3743.386639772898,6098.3598254677645,,,,,,,231,311.695668770003,0.045129313509429704,58,23.1698310593842,51.18261496975025,153,289,14.48334590029674,335,,,Perennial,Perennial,moderate,156.75530142156833,118.84426340363748,0.7581514776589586
fj_irr_eff_minus_0.1_update_2025-09-30,2023,,,,351.1248743324785,667.57773117885,166,76,2122.22120643029,3743.386639772898,6098.3598254677645,,,,,,,242,1615.47903627176,0.06268778791857342,56,34.151312534336896,75.0299109064803,146,298,10.011073262127935,331,,,Perennial,Perennial,wet,435.38910486479267,494.83102977484,1.1365259815780338
fj_irr_eff_minus_0.1_update_2025-09-30,2024,,,,388.3742015683845,890.301918711222,152,78,2122.22120643029,3743.386639772898,6098.3598254677645,1,,,1,,,230,1658.63098402665,0.06575087124929033,61,31.8772233420199,1099.3418895028008,198,291,9.42267590988483,333,,,Perennial,Perennial,unknown,490.4798569901294,515.0262295987865,1.0500456282940709
fj_irr_eff_minus_0.1_update_2025-09-30,2025,54,623.147077761572,53.0,1100.203816699865,1351.022497452825,76,123,2122.22120643029,3743.386639772898,6098.3598254677645,14,,,3,,,199,1834.86547687695,0.05333711914167846,95,33.3223890187752,1123.5572791215995,195,294,,,,,,,unknown,699.6119655572875,736.7810993034758,1.0531282133183366
fj_maxMAR_fields2024_update_2025-09-30,1991,,,,,,,,2092.60225588771,3728.2040307135635,6020.72747908006,,,,,,,237,377.784856360319,0.04535511325785127,45,19.45314222593615,347.632787188369,276,282,6.9977350501870585,330,,,Perennial,Perennial,dry,141.22106442573838,112.92499597619148,0.7996328057389308
fj_maxMAR_fields2024_update_2025-09-30,1992,68,95.6405865706825,67.0,474.771401779373,614.178092493634,21,192,2092.60225588771,3728.2040307135635,6020.72747908006,,,,,,,213,539.857763191993,0.047597536023458155,52,10.4617934547902,119.380650584501,211,265,6.4413740215089055,332,,,Perennial,Perennial,dry,141.51234056937483,182.39212401314967,1.2888778694444247
fj_maxMAR_fields2024_update_2025-09-30,1993,72,75.6909430192141,20.0,514.7779898813639,1005.94441372271,133,110,2092.60225588771,3728.2040307135635,6020.72747908006,5,,,2,,,243,2417.19758765535,0.054116568741411956,64,,,,307,11.877724157935143,333,,,Perennial,Perennial,moderate,478.27652063462176,572.1606375806807,1.196296729811208
fj_maxMAR_fields2024_update_2025-09-30,1994,73,181.622726227747,72.0,,,,,2092.60225588771,3728.2040307135635,6020.72747908006,,,,,,,222,354.29947894379,0.059849150024841126,37,7.08259103268149,10.29102349788668,183,259,4.794901431143683,331,,,Perennial,Perennial,dry,126.8089547467731,111.78775936123704,0.8815446794311006
fj_maxMAR_fields2024_update_2025-09-30,1995,,,,13.046207665373421,1001.267509290388,114,76,2092.60225588771,3728.2040307135635,6020.72747908006,17,2,,6,1,,190,1660.29134559285,0.05053914478441396,135,54.71308065495075,570.3540175261342,130,325,24.339515008573528,332,,,Perennial,Perennial,wet,662.9287877397561,765.211054496762,1.1542884675528053
fj_maxMAR_fields2024_update_2025-09-30,1996,74,2041.42296556494,3.0,966.5237466253817,1238.4568336564,119,89,2092.60225588771,3728.2040307135635,6020.72747908006,13,,,3,,,208,1918.26204339744,0.05993811395850408,83,612.07856606978,1601.938436596476,278,291,8.23916756493082,332,,,Perennial,Perennial,wet,654.8824888736939,675.1051887765072,1.030879891043649
fj_maxMAR_fields2024_update_2025-09-30,1997,50,1615.99048583795,49.0,,,,203,2092.60225588771,3728.2040307135635,6020.72747908006,16,7,4,3,2,1,124,1779.33704637274,0.025871741457144385,38,164.19655676979,636.8066273711308,303,162,36.238712037091084,299,,,Perennial,Perennial,wet,698.7088496189089,1235.345988793521,1.7680411368301772
fj_maxMAR_fields2024_update_2025-09-30,1998,58,278.222633268601,5.0,897.785562555414,1265.82798931022,121,99,2092.60225588771,3728.2040307135635,6020.72747908006,10,2,,2,1,,220,1832.31967361394,0.05289824743210888,106,541.7065309577655,1388.4601847013,190,326,25.182017270423884,331,,,Perennial,Perennial,wet,734.5568599426663,741.983810990772,1.0101107912172862
fj_maxMAR_fields2024_update_2025-09-30,1999,55,1523.37437975873,54.0,767.7071838433897,1034.35855781298,90,150,2092.60225588771,3728.2040307135635,6020.72747908006,1,,,1,,,240,1587.85573226232,0.0616145358426189,63,70.0987000000143,748.5270893890522,198,303,11.589716584330212,332,,,Perennial,Perennial,wet,638.9662104619606,522.8748788622726,0.8183138173836201
fj_maxMAR_fields2024_update_2025-09-30,2000,62,272.175225477035,61.0,879.3900054948517,967.8060655013595,62,135,2092.60225588771,3728.2040307135635,6020.72747908006,,,,,,,197,1553.65372274445,0.048458292348340495,106,48.0595603710153,133.24043762447482,214,303,9.844543587712021,333,,,Perennial,Perennial,moderate,456.33454831655644,426.02794106647093,0.9335868665611923
fj_maxMAR_fields2024_update_2025-09-30,2001,,,,160.3262965491396,205.828257168742,77,151,2092.60225588771,3728.2040307135635,6020.72747908006,,,,,,,228,278.973732087286,0.0811311952819742,25,10.1632099909937,684.7822806661496,303,253,5.013822702614025,330,,,Perennial,Perennial,dry,96.42125915066482,104.75728429644005,1.0864542240912827
fj_maxMAR_fields2024_update_2025-09-30,2002,68,47.8165206652694,67.0,846.1373147122516,900.470948673744,7,190,2092.60225588771,3728.2040307135635,6020.72747908006,,,,,,,197,1304.10066814768,0.04991020813202057,87,9.570141240556826,27.960788295362054,158,284,6.642419461775992,331,,,Perennial,Perennial,moderate,296.1535080794131,327.56665693073575,1.1060704938295016
fj_maxMAR_fields2024_update_2025-09-30,2003,,,,773.5965094530485,1079.930071159255,166,76,2092.60225588771,3728.2040307135635,6020.72747908006,8,,,5,,,242,1503.17541220752,0.05270186346603718,63,50.3574068514208,88.10241099523313,125,305,35.38600776039847,330,,,Perennial,Perennial,wet,645.6975445737917,634.3652856143702,0.9824495864129364
fj_maxMAR_fields2024_update_2025-09-30,2004,55,94.9870077328144,2.0,387.6808520394835,689.934510703456,132,64,2092.60225588771,3728.2040307135635,6020.72747908006,1,,,1,,,196,1031.48345754445,0.04647000845507866,89,14.4300498320318,363.56455562085756,195,285,7.826435396674046,331,,,Perennial,Perennial,moderate,422.34483414010896,431.65334260730145,1.0220400670607102
fj_maxMAR_fields2024_update_2025-09-30,2005,70,1153.96592120087,21.0,604.6377208223082,770.456038265594,117,114,2092.60225588771,3728.2040307135635,6020.72747908006,,,,,,,231,1482.52516081868,0.05277688871142694,74,14.3079150379998,624.5389988122272,139,305,9.01867256030231,331,,,Perennial,Perennial,dry,407.2396739734528,382.4051215891554,0.9390173552051406
fj_maxMAR_fields2024_update_2025-09-30,2006,36,74.2633108292652,35.0,1800.204458438098,2442.24504641095,47,78,2092.60225588771,3728.2040307135635,6020.72747908006,42,6,2,4,1,1,125,3387.17458550977,0.04078751948159909,35,180.607531741993,1347.012533391424,277,160,13.264208688478856,336,,,Perennial,Perennial,wet,899.1079638592414,1103.8926448791135,1.2277642833246352
fj_maxMAR_fields2024_update_2025-09-30,2007,47,375.021479598878,1.0,400.0177647864442,631.284042940853,105,71,2092.60225588771,3728.2040307135635,6020.72747908006,3,1,,1,1,,176,984.115862318352,0.055223327126778354,94,10.147117293543001,23.18676403336179,138,270,7.485795247790958,330,,,Perennial,Perennial,moderate,360.31611813877066,461.6671344835486,1.2812836041537947
fj_maxMAR_fields2024_update_2025-09-30,2008,19,45.8072101354852,18.0,85.40393229118885,484.642954722576,199,42,2092.60225588771,3728.2040307135635,6020.72747908006,,,,,,,241,1171.18648082124,0.06701255314815986,52,26.1155524867474,233.04760553376582,217,293,9.689799307467993,332,,,Perennial,Perennial,dry,357.370063925189,381.6137293281219,1.0678391053146745
fj_maxMAR_fields2024_update_2025-09-30,2009,45,141.004180729049,44.0,417.9131002194272,562.589086638902,92,144,2092.60225588771,3728.2040307135635,6020.72747908006,,,,,,,236,809.983654850248,0.05882336517306315,50,15.61616648744255,501.712748509822,258,286,7.385256528618569,330,,,Perennial,Perennial,dry,246.41067223254774,261.52044431193167,1.0613194710378624
fj_maxMAR_fields2024_update_2025-09-30,2010,72,55.7469563541807,71.0,590.5580574733486,929.0975734297106,70,178,2092.60225588771,3728.2040307135635,6020.72747908006,,,,,,,248,2069.1145282474,0.05848732423998068,66,102.38460477554,879.1739157029132,159,314,9.660282598958313,332,,,Perennial,Perennial,moderate,392.7216276458258,413.28112914462,1.052351335020784
fj_maxMAR_fields2024_update_2025-09-30,2011,39,378.809987183445,38.0,541.3589185562141,1028.68646645206,158,107,2092.60225588771,3728.2040307135635,6020.72747908006,,,,,,,265,1391.25420020604,0.04829165289988842,72,75.0234549439629,114.2765008120144,117,337,49.723767837548124,337,,,Perennial,Perennial,moderate,643.7696398380144,466.9291212680946,0.7253046623720614
fj_maxMAR_fields2024_update_2025-09-30,2012,,,,201.045331076564,490.632142362133,141,88,2092.60225588771,3728.2040307135635,6020.72747908006,1,,,1,,,229,1348.53346742144,0.05868101611956972,66,21.312989968405,505.9141229698811,187,295,8.284983498629822,332,,,Perennial,Perennial,moderate,360.1379773265358,442.6465247774817,1.229102601351414
fj_maxMAR_fields2024_update_2025-09-30,2013,52,124.031694380646,51.0,375.195102686567,490.949238640764,105,116,2092.60225588771,3728.2040307135635,6020.72747908006,1,,,1,,,221,660.04976007065,0.058243917954385264,47,10.94239970603585,43.68821200549877,174,268,7.987078709389839,330,,,Perennial,Perennial,moderate,282.61066190710767,313.01036343481974,1.1075674262342736
fj_maxMAR_fields2024_update_2025-09-30,2014,,,,58.29416729905283,117.361368974906,104,76,2092.60225588771,3728.2040307135635,6020.72747908006,,,,,,,180,602.64576924967,0.04201635553153701,68,8.74808916620191,557.0940672679577,227,248,6.676517734460244,330,,,Perennial,Perennial,dry,134.22216718575683,223.1989028265987,1.6629064148375914
fj_maxMAR_fields2024_update_2025-09-30,2015,54,105.228943680409,24.0,441.869209064382,569.03025296486,21,109,2092.60225588771,3728.2040307135635,6020.72747908006,5,2,1,1,1,1,130,6117.02060221546,0.036004273428020366,63,13.2554263839667,1026.400140155476,329,193,6.62496305063118,330,,,Perennial,Perennial,moderate,326.89744262843845,567.6759135967501,1.7365566063543292
fj_maxMAR_fields2024_update_2025-09-30,2016,71,195.884509438616,70.0,1282.832393741122,1714.43776277235,39,156,2092.60225588771,3728.2040307135635,6020.72747908006,10,,,5,,,195,1905.8620584104,0.05717288086037833,95,13.4928631562408,486.4165602884554,145,290,9.497415478233895,332,,,Perennial,Perennial,wet,534.050164058289,653.8342403681382,1.2242936794543804
fj_maxMAR_fields2024_update_2025-09-30,2017,18,154.895470577194,17.0,823.7176391121675,1453.62680932124,148,69,2092.60225588771,3728.2040307135635,6020.72747908006,31,3,1,6,1,1,217,2196.90968295823,0.052273504015291836,90,54.1975416993982,250.344891989956,161,307,15.737195712856057,331,,,Perennial,Perennial,wet,946.537793139596,921.952533204919,0.9740261190700801
fj_maxMAR_fields2024_update_2025-09-30,2018,41,113.185027463525,40.0,254.864830085748,352.4937774958805,116,102,2092.60225588771,3728.2040307135635,6020.72747908006,,,,,,,218,449.548146285642,0.05903515803016692,51,9.65990037374564,21.04886961376902,173,269,7.155624075814321,330,,,Perennial,Perennial,dry,215.42901442750917,222.36854406093147,1.0322126044714253
fj_maxMAR_fields2024_update_2025-09-30,2019,,,,186.8609254069514,769.550364207604,145,76,2092.60225588771,3728.2040307135635,6020.72747908006,2,,,1,,,221,1472.93804626204,0.056755011068336664,74,43.9112662257589,160.84722875732982,185,295,10.570341152670185,331,,,Perennial,Perennial,moderate,467.63645551245594,547.3116355016721,1.170378461837208
fj_maxMAR_fields2024_update_2025-09-30,2020,75,166.141356722549,3.0,163.7018080980902,235.49224208614,117,114,2092.60225588771,3728.2040307135635,6020.72747908006,,,,,,,231,373.439239470859,0.060887725924361646,40,9.35580675922447,12.9635547505278,171,271,6.926012993988967,331,,,Perennial,Perennial,dry,133.2316909001315,123.61155824709458,0.9277939611210967
fj_maxMAR_fields2024_update_2025-09-30,2021,,,,52.35321401724889,250.710235297111,142,76,2092.60225588771,3728.2040307135635,6020.72747908006,,,,,,,218,332.557252280404,0.07129969731069816,38,10.460799821053,161.90358117924382,207,256,6.788731547861544,300,,,Perennial,Perennial,dry,112.6132543725985,127.4251669682997,1.1315290342883946
fj_maxMAR_fields2024_update_2025-09-30,2022,35,52.8102965722122,34.0,231.2546901206431,270.5011896958375,134,97,2092.60225588771,3728.2040307135635,6020.72747908006,,,,,,,231,327.781058046577,0.046022288015947196,60,28.2001339398203,52.1121697536688,151,291,15.124744448008613,330,,,Perennial,Perennial,moderate,155.729265443981,115.49641040761529,0.7416487201576232
fj_maxMAR_fields2024_update_2025-09-30,2023,,,,353.525027075505,665.606813087132,166,76,2092.60225588771,3728.2040307135635,6020.72747908006,,,,,,,242,1636.70830105105,0.0649881844622181,56,35.3935654085559,77.6762485677609,146,298,9.939142809690324,331,,,Perennial,Perennial,wet,438.3044130169302,497.3957694120045,1.1348180731020652
fj_maxMAR_fields2024_update_2025-09-30,2024,,,,388.4965407297009,886.4484918150611,152,78,2092.60225588771,3728.2040307135635,6020.72747908006,1,,,1,,,230,1684.89504122689,0.06161351851512005,62,36.2259470229386,1096.5782061904306,197,292,9.944097081401157,333,,,Perennial,Perennial,unknown,491.165624448105,512.3342036772491,1.0430986579179478
fj_maxMAR_fields2024_update_2025-09-30,2025,54,626.830675444313,53.0,1098.6443921354899,1344.0217121917199,76,123,2092.60225588771,3728.2040307135635,6020.72747908006,14,,,3,,,199,1836.38985245204,0.052761391133499445,96,36.4739369130497,1120.0185982802964,194,295,,,,,,,unknown,700.3435088646962,731.7387370772705,1.0448283275495307
fj_natveg_high_12k_update_2025-09-30,1991,,,,,,,,2159.50781312003,3714.4215010468815,6051.317337717843,,,,,,,237,417.335161800898,0.04513909495078663,51,46.31914813948485,349.9358940826772,270,288,8.123604638861785,331,,,Perennial,Perennial,dry,150.38329294773186,118.08692271376614,0.7852396393182397
fj_natveg_high_12k_update_2025-09-30,1992,68,106.655778837948,67.0,482.254555142082,624.546421432,21,192,2159.50781312003,3714.4215010468815,6051.317337717843,,,,,,,213,549.360147072476,0.04167988707403954,62,9.827438425538615,27.07299253266066,160,275,6.476707665232636,331,,,Perennial,Perennial,dry,150.31259279975282,184.41216237434287,1.2268577032665364
fj_natveg_high_12k_update_2025-09-30,1993,39,16.4975506762008,7.0,148.2948879596978,826.06772800151,175,69,2159.50781312003,3714.4215010468815,6051.317337717843,5,,,2,,,244,2533.29762014338,0.04549725211291896,74,,,,318,23.577421813888186,331,,,Perennial,Perennial,moderate,493.6033950819191,575.1128886441601,1.16513154969024
fj_natveg_high_12k_update_2025-09-30,1994,73,196.540516159824,72.0,,,,,2159.50781312003,3714.4215010468815,6051.317337717843,,,,,,,223,412.581497016514,0.057413525749598474,44,8.33081981066662,12.43692224829114,175,267,6.193989759247763,330,,,Perennial,Perennial,dry,135.37289670632686,115.91706499688472,0.8562797119452284
fj_natveg_high_12k_update_2025-09-30,1995,,,,15.17925739499335,987.389499228387,114,76,2159.50781312003,3714.4215010468815,6051.317337717843,16,2,,6,1,,190,1635.35526700729,0.04991204657981726,139,53.51351213613965,550.210090171983,126,329,32.14999644398774,332,,,Perennial,Perennial,wet,675.1241117345909,767.3510660606713,1.1366074070279055
fj_natveg_high_12k_update_2025-09-30,1996,74,2029.32299175155,3.0,935.3361136804318,1231.28337847662,119,89,2159.50781312003,3714.4215010468815,6051.317337717843,11,,,2,,,208,1912.25650637512,0.05408304454315049,92,623.534803373725,1623.9471908976138,267,300,9.516218553002254,333,,,Perennial,Perennial,wet,661.14152522882,667.3447584726653,1.0093826102387053
fj_natveg_high_12k_update_2025-09-30,1997,50,1742.98317196946,49.0,,,,201,2159.50781312003,3714.4215010468815,6051.317337717843,15,7,4,2,2,1,124,1772.35790360707,0.026329664258711184,38,165.308470116607,641.7728750048519,305,162,50.574093979736986,299,,,Perennial,Perennial,wet,710.4041233108983,1228.1634939495996,1.7288237126575787
fj_natveg_high_12k_update_2025-09-30,1998,58,259.771153144308,5.0,901.007388271482,1253.85500932742,119,101,2159.50781312003,3714.4215010468815,6051.317337717843,9,2,,2,1,,220,1860.51541038726,0.05083791770092636,111,510.465537714833,1368.327632430208,185,331,35.52278476967711,331,,,Perennial,Perennial,wet,738.6979237514486,741.677521928047,1.0040335813609258
fj_natveg_high_12k_update_2025-09-30,1999,55,1489.50295476027,54.0,788.5785361099904,1032.008804085985,90,150,2159.50781312003,3714.4215010468815,6051.317337717843,,,,,,,240,1674.48804599829,0.04987760374214675,73,50.4390086644488,227.73147824783905,154,313,16.927747138340486,331,,,Perennial,Perennial,wet,648.3337012045507,519.0534459897282,0.8005961205246149
fj_natveg_high_12k_update_2025-09-30,2000,62,274.19457861518,2.0,673.4542511344625,924.2201438178336,136,101,2159.50781312003,3714.4215010468815,6051.317337717843,,,,,,,237,1101.70446523322,0.04728581578344206,73,58.9903203383625,134.8012490252449,210,310,9.866903996215688,333,,,Perennial,Perennial,moderate,459.79520534582645,419.95172154100305,0.9133451516205876
fj_natveg_high_12k_update_2025-09-30,2001,,,,175.4885187456392,217.9252410887615,74,154,2159.50781312003,3714.4215010468815,6051.317337717843,,,,,,,228,368.829657709394,0.06659597021789412,32,13.022785907492601,649.2625844700475,292,260,6.20376902576435,330,,,Perennial,Perennial,dry,106.40015649941363,108.48080492320027,1.0195549376264132
fj_natveg_high_12k_update_2025-09-30,2002,68,52.37261133369,67.0,801.971517208339,893.714688868544,11,186,2159.50781312003,3714.4215010468815,6051.317337717843,,,,,,,197,1327.14185327134,0.048720038909988966,93,10.56629400894455,53.72857109949561,152,290,8.151445418857262,331,,,Perennial,Perennial,moderate,309.85302300260963,328.6627221762317,1.0607052304713633
fj_natveg_high_12k_update_2025-09-30,2003,,,,731.5496369156349,1059.041547953415,166,76,2159.50781312003,3714.4215010468815,6051.317337717843,4,,,3,,,242,1548.7361553979,0.0438037858490214,89,59.5001288352576,400.9371666036684,135,331,44.8909691210733,332,,,Perennial,Perennial,wet,650.7121728653656,624.916723161226,0.9603581264039504
fj_natveg_high_12k_update_2025-09-30,2004,67,520.647524563191,9.0,575.884792997175,915.9691212570725,96,100,2159.50781312003,3714.4215010468815,6051.317337717843,1,,,1,,,196,1043.47654726805,0.044311227644183104,96,26.003721891199852,353.30878237316404,188,292,9.035100128146292,332,,,Perennial,Perennial,moderate,424.0776914748622,419.2477627878016,0.9886107456625153
fj_natveg_high_12k_update_2025-09-30,2005,70,1169.32289642734,10.0,600.9485725241196,745.807749690075,117,114,2159.50781312003,3714.4215010468815,6051.317337717843,,,,,,,231,1533.12053293617,0.05156758395708676,79,30.82385856543825,593.9495611710453,134,310,10.179148653902526,332,,,Perennial,Perennial,dry,413.00406037385574,377.75196566844573,0.9146446776491751
fj_natveg_high_12k_update_2025-09-30,2006,36,67.9955746682804,35.0,1762.14309537282,2391.72729298811,47,78,2159.50781312003,3714.4215010468815,6051.317337717843,39,6,2,5,1,1,125,3388.13163750308,0.041350706529934736,35,195.451671792082,1378.9955229341922,277,160,16.448240237108784,330,,,Perennial,Perennial,wet,905.1450817255575,1091.4931475871508,1.205876460717592
fj_natveg_high_12k_update_2025-09-30,2007,47,374.992255077195,1.0,384.98260467920517,639.7878678325405,118,71,2159.50781312003,3714.4215010468815,6051.317337717843,3,1,,1,1,,189,857.676684540185,0.045679924778248476,91,11.6536603924849,102.77558146245552,148,280,8.815046603529172,331,,,Perennial,Perennial,moderate,366.1492730520205,457.1126568870894,1.2484325124473081
fj_natveg_high_12k_update_2025-09-30,2008,18,122.551678768334,17.0,226.85146331988702,495.873590981162,179,62,2159.50781312003,3714.4215010468815,6051.317337717843,1,,,1,,,241,1227.43980208357,0.05630967516658545,59,49.8335951081917,217.4596830137757,210,300,9.70451924067335,333,,,Perennial,Perennial,dry,365.7500637524051,388.3119830123554,1.061686713129936
fj_natveg_high_12k_update_2025-09-30,2009,45,182.34205819573,44.0,415.12959736780806,561.5977009417929,92,144,2159.50781312003,3714.4215010468815,6051.317337717843,,,,,,,236,857.882155408022,0.05684827081269224,54,13.8471273041685,66.33629788363469,167,290,8.211089251760102,331,,,Perennial,Perennial,dry,256.60896906949307,269.2032569521222,1.0490796869972945
fj_natveg_high_12k_update_2025-09-30,2010,72,66.3979783825042,4.0,400.2791955041224,551.434025402125,157,91,2159.50781312003,3714.4215010468815,6051.317337717843,1,,,1,,,248,2159.50781312003,0.05464917588280363,70,52.53806299987545,291.9272237927254,112,318,17.78530881665107,332,,,Perennial,Perennial,moderate,402.0897408508512,417.1035822445695,1.0373395286384277
fj_natveg_high_12k_update_2025-09-30,2011,39,381.240376066213,9.0,512.4678507087951,986.200142942782,208,64,2159.50781312003,3714.4215010468815,6051.317337717843,,,,,,,272,1456.25096700113,0.05109206569808618,65,73.42639410047221,116.0525538804925,118,337,49.987267336051886,361,,,Perennial,Perennial,moderate,645.8859085057385,470.1064024264655,0.7278474359567
fj_natveg_high_12k_update_2025-09-30,2012,63,118.255788526539,1.0,194.04032726597381,502.978460500261,140,89,2159.50781312003,3714.4215010468815,6051.317337717843,1,,,1,,,229,1397.08295952726,0.05215460303474205,73,35.14447683992335,503.6862906774728,180,302,9.940629902833631,333,,,Perennial,Perennial,moderate,363.649998052425,443.5683291336498,1.2197671703815147
fj_natveg_high_12k_update_2025-09-30,2013,52,125.27228963182,51.0,364.11918308944723,488.956943731087,105,116,2159.50781312003,3714.4215010468815,6051.317337717843,1,,,1,,,221,735.303884368628,0.04799409252498873,59,21.834175183293702,50.37161119516269,162,280,9.280794448136579,330,,,Perennial,Perennial,moderate,288.91074284483966,311.0120357687183,1.0764986885093026
fj_natveg_high_12k_update_2025-09-30,2014,,,,58.09948293649243,91.44455631511255,104,76,2159.50781312003,3714.4215010468815,6051.317337717843,,,,,,,180,578.457715798845,0.037416855833299886,74,9.160793365336035,36.60702301413591,182,254,6.840160399834012,329,,,Perennial,Perennial,dry,138.49229043862016,223.44585621276838,1.6134172920751835
fj_natveg_high_12k_update_2025-09-30,2015,54,156.093291755723,10.0,405.0739981966722,610.772250387256,60,70,2159.50781312003,3714.4215010468815,6051.317337717843,4,2,1,1,1,1,130,6149.55750884613,0.03694844795463439,63,43.566081707547,1006.567619494756,329,193,8.226005727902493,330,,,Perennial,Perennial,moderate,331.6784868282739,559.0928523090852,1.6856470181575411
fj_natveg_high_12k_update_2025-09-30,2016,71,230.741749082011,70.0,1269.3275338165402,1707.47333445116,39,156,2159.50781312003,3714.4215010468815,6051.317337717843,9,,,4,,,195,1899.63989206651,0.04716566816936338,102,31.1933895626199,495.7555034768323,138,297,9.846773526739184,333,,,Perennial,Perennial,wet,544.1963701562837,646.2317991452779,1.1874974450117912
fj_natveg_high_12k_update_2025-09-30,2017,18,182.371462560624,17.0,803.6863876166528,1438.4112971291001,148,69,2159.50781312003,3714.4215010468815,6051.317337717843,29,3,1,5,1,1,217,2234.32258862979,0.048018461301355314,102,57.3131209516007,272.98488206248345,149,319,31.869082633999795,331,,,Perennial,Perennial,wet,955.4141139291182,913.410483921284,0.9560362052481146
fj_natveg_high_12k_update_2025-09-30,2018,41,113.180478247772,39.0,248.3419638504665,349.9080326907815,116,102,2159.50781312003,3714.4215010468815,6051.317337717843,,,,,,,218,484.946194899318,0.048649236050175945,58,11.00411065563075,47.87427281619625,166,276,8.351774872940766,330,,,Perennial,Perennial,dry,222.09958830691292,225.53078568378166,1.0154489137194045
fj_natveg_high_12k_update_2025-09-30,2019,,,,207.3930704896774,759.877946746417,145,76,2159.50781312003,3714.4215010468815,6051.317337717843,1,,,1,,,221,1524.56114057983,0.053249542643740384,81,47.332721992672546,153.3323281631774,178,302,16.87550928387467,330,,,Perennial,Perennial,moderate,480.65292016234736,546.0313600950956,1.1360200618580778
fj_natveg_high_12k_update_2025-09-30,2020,75,189.709564199486,3.0,176.0336962709936,237.339415787093,117,114,2159.50781312003,3714.4215010468815,6051.317337717843,,,,,,,231,426.585070338109,0.05083944608446413,50,10.2132574952949,31.8309133066176,161,281,8.088013550750237,332,,,Perennial,Perennial,dry,143.31160178434746,129.72742400977234,0.9052122954077624
fj_natveg_high_12k_update_2025-09-30,2021,,,,71.71550926294087,244.3871115146805,142,76,2159.50781312003,3714.4215010468815,6051.317337717843,,,,,,,218,394.909988720861,0.05389187143370735,46,11.4542336870877,178.87392739344352,199,264,7.760867072974855,329,,,Perennial,Perennial,dry,122.94976634156498,130.5548044240334,1.0618548396533016
fj_natveg_high_12k_update_2025-09-30,2022,37,118.036935688913,36.0,233.634110211392,268.998540406767,141,97,2159.50781312003,3714.4215010468815,6051.317337717843,,,,,,,238,324.080759469346,0.05246697553362121,50,12.665207739679449,34.90607725249856,154,288,9.599429203684494,331,,,Perennial,Perennial,moderate,161.8979330162122,120.09819644492634,0.7418142666027732
fj_natveg_high_12k_update_2025-09-30,2023,,,,335.491377908045,664.194532967595,166,76,2159.50781312003,3714.4215010468815,6051.317337717843,,,,,,,242,1693.19267996524,0.05872575697026342,64,41.8202149131932,103.69320160569372,138,306,15.926840144618085,330,,,Perennial,Perennial,wet,444.47354072462196,511.0804710044589,1.149855782576502
fj_natveg_high_12k_update_2025-09-30,2024,,,,380.6155116492867,875.3393314703819,152,78,2159.50781312003,3714.4215010468815,6051.317337717843,,,,,,,230,1758.69881178023,0.05965644539232537,66,38.656681695151946,1120.2945554245543,194,296,10.003874336945447,333,,,Perennial,Perennial,unknown,498.90325441457634,516.2040653072459,1.0346776869855674
fj_natveg_high_12k_update_2025-09-30,2025,49,93.1419144908174,48.0,1087.341123743996,1345.93207625704,75,124,2159.50781312003,3714.4215010468815,6051.317337717843,11,,,3,,,199,1824.63403314574,0.04532264569814169,105,43.6645826513303,1191.1213036572349,186,304,,,,,,,unknown,714.0065163171976,727.6136019829614,1.0190573690222722
fj_natveg_high_4k_update_2025-09-30,1991,,,,,,,,2106.40154367171,3725.2850119155955,6068.741365406662,,,,,,,237,387.230430223056,0.04364346014274292,46,17.9375638449792,344.43311038985973,275,283,6.63407549589377,330,,,Perennial,Perennial,dry,142.63890763888512,114.60214225991042,0.8034423717688964
fj_natveg_high_4k_update_2025-09-30,1992,68,83.1029929162998,67.0,465.774949548398,604.416448276035,21,192,2106.40154367171,3725.2850119155955,6068.741365406662,,,,,,,213,530.974203448976,0.046110260672416525,53,9.817679478969175,118.66339498812836,210,266,4.989755126596943,332,,,Perennial,Perennial,dry,140.29235921968484,181.46490805773388,1.2934767728410401
fj_natveg_high_4k_update_2025-09-30,1993,72,76.0429738414567,20.0,508.2066048090686,1006.868501273035,134,110,2106.40154367171,3725.2850119155955,6068.741365406662,5,,,2,,,244,2446.36897384488,0.05750226034399801,63,,,,307,11.354470395783386,333,,,Perennial,Perennial,moderate,478.70980474360516,575.1847704779314,1.201531209050539
fj_natveg_high_4k_update_2025-09-30,1994,73,185.880767648452,72.0,,,,,2106.40154367171,3725.2850119155955,6068.741365406662,,,,,,,222,367.401183526233,0.06310559672436554,38,6.9256982683708355,10.55285677824181,182,260,4.626015985844004,330,,,Perennial,Perennial,dry,127.46530382517584,113.08971612297944,0.8872196019560497
fj_natveg_high_4k_update_2025-09-30,1995,,,,13.30507537206313,981.166474541903,114,76,2106.40154367171,3725.2850119155955,6068.741365406662,17,2,,6,1,,190,1641.41189585074,0.052226614586524486,134,51.2446674170776,553.650265982157,131,324,18.882279002796597,331,,,Perennial,Perennial,wet,660.814032741561,765.6399357594395,1.15863147243254
fj_natveg_high_4k_update_2025-09-30,1996,74,2028.98558136484,3.0,954.7271764825593,1235.44519560509,119,89,2106.40154367171,3725.2850119155955,6068.741365406662,12,,,3,,,208,1912.87471741073,0.06001345565402434,83,582.6979282176505,1598.26636522858,276,291,7.7851960639441335,331,,,Perennial,Perennial,wet,654.2267504722128,674.3104293767523,1.030698345627175
fj_natveg_high_4k_update_2025-09-30,1997,50,1670.75466444505,49.0,,,,201,2106.40154367171,3725.2850119155955,6068.741365406662,15,7,4,2,2,1,124,1782.24846270773,0.026408645279031622,38,165.142842694556,632.0197406409789,305,162,35.95905456038694,299,,,Perennial,Perennial,wet,699.4858074365973,1237.29097940047,1.768857875665505
fj_natveg_high_4k_update_2025-09-30,1998,58,268.900419586133,5.0,905.3063603719278,1271.38187463379,119,101,2106.40154367171,3725.2850119155955,6068.741365406662,9,2,,2,1,,220,1843.52410998665,0.054521629127227245,104,122.7958016206875,860.5498269701318,148,324,18.80027499495273,331,,,Perennial,Perennial,wet,732.7137775426099,746.1460293632218,1.0183321949611228
fj_natveg_high_4k_update_2025-09-30,1999,55,1496.80471172126,25.0,799.8148783031587,1064.167794734165,134,106,2106.40154367171,3725.2850119155955,6068.741365406662,,,,,,,240,1613.48347148553,0.06493652958423549,64,66.78588179419515,732.6229575444464,198,304,11.07528716796057,332,,,Perennial,Perennial,wet,638.4301767533264,523.8087574514628,0.820463656832828
fj_natveg_high_4k_update_2025-09-30,2000,52,163.379700733644,51.0,872.242349641069,960.142762377364,61,136,2106.40154367171,3725.2850119155955,6068.741365406662,,,,,,,197,1542.10247508994,0.05034111468686287,106,42.403640593311,127.416744159499,201,303,8.032161198100097,332,,,Perennial,Perennial,moderate,453.24526330202343,424.0934493761076,0.9356820329162706
fj_natveg_high_4k_update_2025-09-30,2001,,,,155.3024234722083,194.91231587319402,90,138,2106.40154367171,3725.2850119155955,6068.741365406662,,,,,,,228,300.284159289944,0.0771072554258369,26,10.09338729514242,673.3697902231244,302,254,4.682477761736526,330,,,Perennial,Perennial,dry,97.29370975224856,105.96590082242332,1.0891341392188445
fj_natveg_high_4k_update_2025-09-30,2002,68,49.2179120958885,67.0,844.2324399521922,899.619064085034,7,190,2106.40154367171,3725.2850119155955,6068.741365406662,,,,,,,197,1305.88209689321,0.049728778932672746,89,9.34735004099186,25.524398453398952,156,286,6.386472619028866,330,,,Perennial,Perennial,moderate,297.0184777566372,326.7582675704364,1.1001277430226633
fj_natveg_high_4k_update_2025-09-30,2003,,,,746.8463033564469,1061.39109731312,166,76,2106.40154367171,3725.2850119155955,6068.741365406662,8,,,5,,,242,1514.81028695485,0.05744093495714871,64,52.095542431401896,391.9260408016668,160,306,26.737794521069993,330,,,Perennial,Perennial,wet,639.5316742241757,631.7867932148355,0.9878897616466993
fj_natveg_high_4k_update_2025-09-30,2004,67,518.871736354714,10.0,581.691541961859,929.8278186106866,96,100,2106.40154367171,3725.2850119155955,6068.741365406662,1,,,1,,,196,1034.44956256477,0.044860673618827646,91,13.8897626114281,345.7916312864753,192,287,7.350158024053321,331,,,Perennial,Perennial,moderate,419.6589968201349,428.10368905242734,1.0201227479841493
fj_natveg_high_4k_update_2025-09-30,2005,70,1146.54154386918,21.0,597.1320829709588,760.8010124603185,118,113,2106.40154367171,3725.2850119155955,6068.741365406662,,,,,,,231,1495.89911941018,0.05653306194033908,73,13.4492413680989,604.3905467663973,140,304,8.217294192861438,331,,,Perennial,Perennial,dry,404.23444620941603,381.12599268994177,0.9428340317452739
fj_natveg_high_4k_update_2025-09-30,2006,36,52.2416813892022,35.0,1780.618224879274,2418.9584161786,47,78,2106.40154367171,3725.2850119155955,6068.741365406662,41,6,2,4,1,1,125,3398.93020044878,0.04113513652750106,35,181.360600661301,1357.461587407174,277,160,10.993316559570014,332,,,Perennial,Perennial,wet,895.6857186478233,1102.0362680765927,1.2303827616457788
fj_natveg_high_4k_update_2025-09-30,2007,47,363.244912925862,1.0,386.400434187986,623.892773109255,105,71,2106.40154367171,3725.2850119155955,6068.741365406662,3,1,,1,1,,176,982.960124451048,0.051633961698373136,96,9.73429680942403,22.708232396168,136,272,7.117447858335154,330,,,Perennial,Perennial,moderate,359.6139242869656,460.36673868839904,1.2801693916641406
fj_natveg_high_4k_update_2025-09-30,2008,19,42.6902207490197,18.0,90.9828092812478,473.314263040888,199,42,2106.40154367171,3725.2850119155955,6068.741365406662,1,,,1,,,241,1187.95195537248,0.06620856461025407,53,27.02137123677495,219.7877791221635,216,294,7.8508659873790485,331,,,Perennial,Perennial,dry,355.6159585875215,384.5003889725694,1.0812236618957556
fj_natveg_high_4k_update_2025-09-30,2009,45,140.480501824555,44.0,405.86347106036857,561.4315912129515,92,144,2106.40154367171,3725.2850119155955,6068.741365406662,,,,,,,236,821.424053689644,0.058960107738856744,51,15.2771219799262,491.7329136045986,257,287,6.876358225217918,330,,,Perennial,Perennial,dry,245.4541629032436,262.99429155982,1.0714598947889533
fj_natveg_high_4k_update_2025-09-30,2010,72,53.5193161670195,71.0,578.5404804617215,932.121187403888,70,178,2106.40154367171,3725.2850119155955,6068.741365406662,,,,,,,248,2092.8752905798,0.05843148010021831,66,92.2639158504942,863.5484672621432,159,314,9.159801658490338,332,,,Perennial,Perennial,moderate,390.95525883859284,414.80208850440573,1.0609963138407563
fj_natveg_high_4k_update_2025-09-30,2011,39,374.482305566873,38.0,525.0323186610899,1034.58113422253,158,107,2106.40154367171,3725.2850119155955,6068.741365406662,,,,,,,265,1409.40213769001,0.05208957843835988,67,68.5032434397068,113.6799265495466,123,332,40.455699515389306,333,,,Perennial,Perennial,moderate,639.1865300799806,469.22638169923965,0.7340992959293525
fj_natveg_high_4k_update_2025-09-30,2012,63,115.373735682989,1.0,195.6343414019873,510.0335461488565,140,89,2106.40154367171,3725.2850119155955,6068.741365406662,1,,,1,,,229,1357.81427629207,0.0589025756513059,67,62.24963314542665,504.71445022375497,240,296,7.910536154466261,332,,,Perennial,Perennial,moderate,357.4276828264127,442.59717250160804,1.2382845363339092
fj_natveg_high_4k_update_2025-09-30,2013,52,117.302962848669,23.0,481.443462263358,587.064153504079,51,170,2106.40154367171,3725.2850119155955,6068.741365406662,1,,,1,,,221,680.527934205947,0.05508901703971919,50,10.5175738701562,41.8265768667597,171,271,7.623107349011053,330,,,Perennial,Perennial,moderate,282.57588080917134,312.6502736485426,1.1064294403091008
fj_natveg_high_4k_update_2025-09-30,2014,,,,55.17872006811612,91.62502897670879,104,76,2106.40154367171,3725.2850119155955,6068.741365406662,,,,,,,180,585.271729798643,0.03880194549970248,70,8.34106719504602,558.6558420561066,225,250,5.172920006017901,329,,,Perennial,Perennial,dry,131.48611383417304,225.7348090050067,1.7167958077283942
fj_natveg_high_4k_update_2025-09-30,2015,54,104.712029333031,24.0,427.827827795154,557.85095376814,21,109,2106.40154367171,3725.2850119155955,6068.741365406662,5,2,1,1,1,1,130,6171.46813415195,0.03192971332852456,78,12.625594411455701,1018.0392742666439,314,208,6.445812003068456,330,,,Perennial,Perennial,moderate,325.1324580383375,565.6438077388882,1.7397334340338027
fj_natveg_high_4k_update_2025-09-30,2016,71,189.185235407027,70.0,1268.9840087606858,1707.29962225934,39,156,2106.40154367171,3725.2850119155955,6068.741365406662,10,,,5,,,195,1898.15598121376,0.056219987495984176,95,13.4408369678911,481.782679256863,145,290,8.069758121913681,331,,,Perennial,Perennial,wet,533.2747087455199,652.1246631683316,1.2228681624568234
fj_natveg_high_4k_update_2025-09-30,2017,18,145.307988159446,17.0,814.2481583644893,1444.356627549405,148,69,2106.40154367171,3725.2850119155955,6068.741365406662,31,3,1,6,1,1,217,2203.10487282056,0.05814136477982041,89,52.86575367853415,251.33080227877923,162,306,14.983353059008584,330,,,Perennial,Perennial,wet,944.1378048825586,921.4278200504281,0.9759463240273961
fj_natveg_high_4k_update_2025-09-30,2018,41,105.486818407336,40.0,249.25049087574848,352.181990679302,116,102,2106.40154367171,3725.2850119155955,6068.741365406662,,,,,,,218,450.294127747523,0.05484251771134696,52,9.601086739143096,21.333055565866328,172,270,7.011381004117043,330,,,Perennial,Perennial,dry,213.1373873575687,215.96668656529542,1.0132745326514683
fj_natveg_high_4k_update_2025-09-30,2019,,,,191.31502944318441,766.178590127552,145,76,2106.40154367171,3725.2850119155955,6068.741365406662,2,,,1,,,221,1490.25980856169,0.06027586859194693,75,72.6315688575948,239.2778967034154,275,296,10.106260010853827,331,,,Perennial,Perennial,moderate,469.3161998698941,548.9680459544259,1.1697189359894526
fj_natveg_high_4k_update_2025-09-30,2020,75,172.431765390076,74.0,287.97067071239803,316.3810830560555,26,205,2106.40154367171,3725.2850119155955,6068.741365406662,,,,,,,231,387.861822948519,0.060469069657172414,43,9.084825549607125,13.0433870698597,168,274,6.6700963975999485,331,,,Perennial,Perennial,dry,134.01921005837525,125.79797248664069,0.9386562749612267
fj_natveg_high_4k_update_2025-09-30,2021,,,,56.896603258937795,243.881341315327,142,76,2106.40154367171,3725.2850119155955,6068.741365406662,,,,,,,218,348.816173905593,0.06642269899936472,39,9.310223862620454,125.1082959218424,192,257,6.2152561020915265,329,,,Perennial,Perennial,dry,112.82067719548215,127.41747833890234,1.1293805489053093
fj_natveg_high_4k_update_2025-09-30,2022,36,46.511067412686,5.0,210.6440528774904,262.0420701476345,148,83,2106.40154367171,3725.2850119155955,6068.741365406662,,,,,,,231,319.008056917129,0.04648559084532227,53,11.8810925687136,19.112562633999026,158,284,8.12698283007457,330,,,Perennial,Perennial,moderate,149.2223221794001,117.75698479121662,0.7891378653767713
fj_natveg_high_4k_update_2025-09-30,2023,,,,347.7380874317075,669.0728004853386,166,76,2106.40154367171,3725.2850119155955,6068.741365406662,,,,,,,242,1649.98440858674,0.06812343421773706,56,33.2651966298406,80.30111744580475,146,298,9.550425899425782,331,,,Perennial,Perennial,wet,433.2996609821065,506.55556197002636,1.1690652164875455
fj_natveg_high_4k_update_2025-09-30,2024,,,,382.17825023354914,883.5703669107186,152,78,2106.40154367171,3725.2850119155955,6068.741365406662,1,,,1,,,230,1699.1978899999,0.0678188238749695,61,11.02773040453685,308.4059109598323,154,291,8.032975572533498,332,,,Perennial,Perennial,unknown,490.233729167404,515.364879480727,1.0512636092094374
fj_natveg_high_4k_update_2025-09-30,2025,54,632.693564102049,4.0,677.7489151725504,1269.3009251960998,120,79,2106.40154367171,3725.2850119155955,6068.741365406662,14,,,3,,,199,1826.34560915343,0.05120872019806589,97,22.6334740260288,314.9449181232438,149,296,,,,,,,unknown,701.3443819316898,734.6111376890931,1.0474328398636028
fj_natveg_high_8k_update_2025-09-30,1991,,,,,,,,2123.57738773023,3717.89737982166,6058.745434534112,,,,,,,237,402.181278607075,0.043120824751467224,49,37.2252503173842,346.7094124711338,272,286,6.890022221859586,330,,,Perennial,Perennial,dry,146.5299709149438,116.59330668102153,0.7956959654943249
fj_natveg_high_8k_update_2025-09-30,1992,68,95.1138298948837,67.0,473.338378380459,611.632534471359,21,192,2123.57738773023,3717.89737982166,6058.745434534112,,,,,,,213,539.387023588876,0.042007024169332795,57,10.6742485745743,135.1916849563255,206,270,5.183101408959734,331,,,Perennial,Perennial,dry,144.78981421273724,182.60064556427824,1.2611428957011173
fj_natveg_high_8k_update_2025-09-30,1993,73,133.12923075788,21.0,507.7036610092595,1010.03809479853,134,110,2123.57738773023,3717.89737982166,6058.745434534112,5,,,2,,,244,2486.14559152897,0.05273346419218562,69,,,,313,17.012194035922015,330,,,Perennial,Perennial,moderate,485.37884448875604,574.725751012855,1.1840766393891908
fj_natveg_high_8k_update_2025-09-30,1994,73,190.197274461908,72.0,,,,,2123.57738773023,3717.89737982166,6058.745434534112,,,,,,,222,387.932636212598,0.05979889976288302,41,7.55169365384994,11.315097251670503,179,263,4.824714355434585,330,,,Perennial,Perennial,dry,130.40774213298695,114.45509993739515,0.8776710497807434
fj_natveg_high_8k_update_2025-09-30,1995,,,,14.326744049896009,979.1744861831555,114,76,2123.57738773023,3717.89737982166,6058.745434534112,16,2,,6,1,,190,1637.50022427849,0.05100014587544103,136,51.0720465465518,549.8400750287049,129,326,25.682148918007343,331,,,Perennial,Perennial,wet,666.9071094935533,766.5123483418811,1.1493539916285607
fj_natveg_high_8k_update_2025-09-30,1996,74,2026.00038844015,3.0,943.3842363137949,1232.95632906754,119,89,2123.57738773023,3717.89737982166,6058.745434534112,12,,,3,,,208,1912.37830927668,0.05828862959247594,86,614.413932339947,1613.4505683527286,273,294,8.120030605399794,331,,,Perennial,Perennial,wet,656.6991819100078,671.1164021681894,1.0219540706846157
fj_natveg_high_8k_update_2025-09-30,1997,50,1706.6513692329,49.0,,,,201,2123.57738773023,3717.89737982166,6058.745434534112,15,7,4,2,2,1,124,1776.16301807717,0.027572176434854663,28,155.7890195241955,682.9626025396524,290,152,41.808401374726735,299,,,Perennial,Perennial,wet,703.9371868862668,1232.5420888350748,1.750926235744118
fj_natveg_high_8k_update_2025-09-30,1998,,,,293.3237030512945,1196.99134516993,144,76,2123.57738773023,3717.89737982166,6058.745434534112,9,2,,2,1,,220,1851.59089544043,0.0538450642327625,107,514.816925936407,1375.1411069003782,189,327,27.02375480160943,331,,,Perennial,Perennial,wet,735.0307100483284,743.8995119313568,1.012065892978057
fj_natveg_high_8k_update_2025-09-30,1999,55,1491.67852625069,54.0,786.5084058763385,1031.499806927215,90,150,2123.57738773023,3717.89737982166,6058.745434534112,,,,,,,240,1642.84761689781,0.05709083558305231,67,70.6415505994674,728.6038991388893,195,307,12.21356477033707,332,,,Perennial,Perennial,wet,642.9907929521715,521.4058816739288,0.8109072282046086
fj_natveg_high_8k_update_2025-09-30,2000,52,170.622489558361,51.0,867.622708921861,955.762844482874,61,136,2123.57738773023,3717.89737982166,6058.745434534112,,,,,,,197,1537.62012831246,0.047401863774304505,109,49.1477282830455,126.7459118180038,198,306,8.343410178376832,332,,,Perennial,Perennial,moderate,455.4661568560834,422.1828522211812,0.9269247470226005
fj_natveg_high_8k_update_2025-09-30,2001,,,,155.5314742373303,197.8275497890555,90,138,2123.57738773023,3717.89737982166,6058.745434534112,,,,,,,228,334.567637782105,0.07175644478887115,29,11.5166049473788,679.1238165157524,299,257,4.9152486537335145,330,,,Perennial,Perennial,dry,101.30144008930425,106.67547196992393,1.0530499060613758
fj_natveg_high_8k_update_2025-09-30,2002,68,50.8872535605612,67.0,850.2479827967583,906.364737664896,7,190,2123.57738773023,3717.89737982166,6058.745434534112,,,,,,,197,1315.60098747489,0.0481097860766009,90,9.97365851715082,39.496299178483106,155,287,6.596807661798877,330,,,Perennial,Perennial,moderate,302.8575808160967,327.320898328819,1.0807749881868636
fj_natveg_high_8k_update_2025-09-30,2003,,,,736.160265037597,1059.64907058004,166,76,2123.57738773023,3717.89737982166,6058.745434534112,6,,,3,,,242,1530.87220669247,0.04908302834201987,79,96.2521883683143,613.5116834776449,183,321,35.656421704824716,331,,,Perennial,Perennial,wet,643.9781514894763,628.0957671020772,0.9753370757211804
fj_natveg_high_8k_update_2025-09-30,2004,67,518.192092513381,65.0,884.9452927779952,1036.8249848227001,58,138,2123.57738773023,3717.89737982166,6058.745434534112,1,,,1,,,196,1039.95746524933,0.0442821688244717,93,211.120115022165,785.861939019971,291,289,7.607832295870343,331,,,Perennial,Perennial,moderate,421.21012958174407,423.6056004564331,1.0056871160175271
fj_natveg_high_8k_update_2025-09-30,2005,70,1154.6828416349,69.0,991.729361135115,1141.02293233892,17,214,2123.57738773023,3717.89737982166,6058.745434534112,,,,,,,231,1513.30254687672,0.05469456243823907,75,20.0554318238824,593.9127709724894,139,306,8.45117964563744,331,,,Perennial,Perennial,dry,407.66132630847244,379.0871017110663,0.9299069527733803
fj_natveg_high_8k_update_2025-09-30,2006,36,60.2614950663167,24.0,1780.0438506261848,2423.4070832275947,46,79,2123.57738773023,3717.89737982166,6058.745434534112,40,6,2,4,1,1,125,3392.42866402698,0.04129649716095003,35,186.166693828851,1369.343869189112,277,160,11.887509555470242,332,,,Perennial,Perennial,wet,899.5333690215012,1096.5758580530571,1.219049671549034
fj_natveg_high_8k_update_2025-09-30,2007,47,361.913975072902,1.0,383.1260648256034,618.73830320651,105,71,2123.57738773023,3717.89737982166,6058.745434534112,3,1,,1,1,,176,980.204681227591,0.04868138939880973,99,10.8900618575773,76.02230004695672,153,275,7.435965482233724,330,,,Perennial,Perennial,moderate,361.80365733613297,458.5116603548748,1.2672941554288806
fj_natveg_high_8k_update_2025-09-30,2008,19,83.5413811782807,18.0,226.09347732371322,506.394745774877,179,62,2123.57738773023,3717.89737982166,6058.745434534112,1,,,1,,,241,1206.21270359749,0.06268498862696346,57,36.549955207497845,217.0807100436823,212,298,8.190483073635923,332,,,Perennial,Perennial,dry,359.93285147422955,386.20039965910934,1.072979023940971
fj_natveg_high_8k_update_2025-09-30,2009,45,160.213095057847,44.0,408.7917910221911,559.1318257237444,92,144,2123.57738773023,3717.89737982166,6058.745434534112,,,,,,,236,840.656323111715,0.061623004228524,53,30.8160478521919,484.3815934897751,255,289,7.090747155833922,330,,,Perennial,Perennial,dry,250.41462375356346,265.917545287903,1.0619090103523514
fj_natveg_high_8k_update_2025-09-30,2010,72,60.9953452861907,71.0,576.3999538732512,936.1801056046145,70,178,2123.57738773023,3717.89737982166,6058.745434534112,1,,,1,,,248,2123.57738773023,0.05627402282456364,68,113.265229360654,858.4431926521227,157,316,10.654651532905634,332,,,Perennial,Perennial,moderate,395.7125373427255,415.45286173493577,1.0498855167055605
fj_natveg_high_8k_update_2025-09-30,2011,39,375.487817130687,38.0,523.4141425897644,1064.04554222458,165,107,2123.57738773023,3717.89737982166,6058.745434534112,,,,,,,272,1429.23205879887,0.051585569712482196,65,70.3864634423002,113.7821878513648,117,337,48.30183048795848,361,,,Perennial,Perennial,moderate,641.8979557807254,469.74992705629217,0.731814025618677
fj_natveg_high_8k_update_2025-09-30,2012,,,,188.446946329734,484.015874146817,141,88,2123.57738773023,3717.89737982166,6058.745434534112,1,,,1,,,229,1378.49350696186,0.05726187865399222,69,70.8486114447771,501.36962401383806,237,298,8.239410703608725,332,,,Perennial,Perennial,moderate,359.9333971661485,443.2517486148638,1.2314826912553902
fj_natveg_high_8k_update_2025-09-30,2013,52,119.650480797572,36.0,481.9554186604138,589.003946458368,52,169,2123.57738773023,3717.89737982166,6058.745434534112,1,,,1,,,221,704.95848987656,0.050497147893401734,54,12.5079211596116,47.14757095519946,167,275,7.968959681118026,330,,,Perennial,Perennial,moderate,284.8849626929124,311.7565209723115,1.0943242424078554
fj_natveg_high_8k_update_2025-09-30,2014,,,,56.62630790592729,90.88580798459816,104,76,2123.57738773023,3717.89737982166,6058.745434534112,,,,,,,180,580.131115997787,0.03951897030627053,71,9.42022128362603,624.2221722984128,239,251,5.459011665525955,329,,,Perennial,Perennial,dry,134.29505764787433,224.24029432962143,1.6697583534130214
fj_natveg_high_8k_update_2025-09-30,2015,54,106.22463335253,24.0,683.7957262116449,896.8936832891275,6,124,2123.57738773023,3717.89737982166,6058.745434534112,5,2,1,1,1,1,130,6158.60076118526,0.0363001341744878,63,30.8269941726843,1010.030247094808,329,193,6.764812926399541,330,,,Perennial,Perennial,moderate,327.5514214752323,562.2965268371211,1.716666422342603
fj_natveg_high_8k_update_2025-09-30,2016,71,215.284458130274,70.0,1268.218448912944,1705.83296000539,39,156,2123.57738773023,3717.89737982166,6058.745434534112,9,,,4,,,195,1898.46600638434,0.05286926752105254,99,19.4098245363135,484.819895917497,141,294,8.4518962741182,331,,,Perennial,Perennial,wet,538.0504807219174,649.0161513194038,1.2062365420594003
fj_natveg_high_8k_update_2025-09-30,2017,18,164.579066928843,17.0,807.5550439628554,1440.283260581665,148,69,2123.57738773023,3717.89737982166,6058.745434534112,30,3,1,5,1,1,217,2217.55731844583,0.05360329598418581,94,53.9818688167197,255.7858676587183,157,311,23.56757335444813,330,,,Perennial,Perennial,wet,948.5237206791336,917.3443121179508,0.9671284883219804
fj_natveg_high_8k_update_2025-09-30,2018,42,107.025826679992,41.0,248.43068581968652,350.1219030540105,116,102,2123.57738773023,3717.89737982166,6058.745434534112,,,,,,,218,464.427923902802,0.05252496752963645,55,10.2488893400821,34.32391133319598,169,273,7.354945006544142,330,,,Perennial,Perennial,dry,216.43090376205657,218.47715119371185,1.009454506709009
fj_natveg_high_8k_update_2025-09-30,2019,,,,201.16828906201738,763.216940314035,145,76,2123.57738773023,3717.89737982166,6058.745434534112,2,,,1,,,221,1506.14253906426,0.0562068109220782,78,44.3255350608231,152.980103600749,181,299,11.59786616772957,331,,,Perennial,Perennial,moderate,474.7221023220431,547.4187069231756,1.1531350747006432
fj_natveg_high_8k_update_2025-09-30,2020,75,179.552036027736,3.0,166.0507917691576,235.7320670945,117,114,2123.57738773023,3717.89737982166,6058.745434534112,,,,,,,231,406.603095882233,0.055482550298325176,46,9.69787426761316,18.645150906868995,165,277,6.9811094212490685,331,,,Perennial,Perennial,dry,137.57801516618477,127.29502226683707,0.9252570050023868
fj_natveg_high_8k_update_2025-09-30,2021,,,,66.09768845188218,243.2470751858445,142,76,2123.57738773023,3717.89737982166,6058.745434534112,,,,,,,218,370.526368040807,0.057136722022864544,42,10.5402185827479,158.809410626296,201,260,6.470220580497386,329,,,Perennial,Perennial,dry,117.30253115553491,128.76829840375655,1.097745267176024
fj_natveg_high_8k_update_2025-09-30,2022,36,48.6198394124906,5.0,232.3161316966758,271.21155607105,143,95,2123.57738773023,3717.89737982166,6058.745434534112,,,,,,,238,305.133484312856,0.05022356739167664,47,12.4446265679291,24.82755890350722,157,285,8.273147946887246,330,,,Perennial,Perennial,moderate,155.3865842480726,119.46488200851756,0.7688236573743938
fj_natveg_high_8k_update_2025-09-30,2023,,,,341.381191955514,666.333257036616,166,76,2123.57738773023,3717.89737982166,6058.745434534112,,,,,,,242,1670.61925068234,0.061611220707792784,60,39.832409952757,152.88783831155084,153,302,10.796181074189985,331,,,Perennial,Perennial,wet,438.00967544083676,508.4695870686622,1.1608638246561809
fj_natveg_high_8k_update_2025-09-30,2024,69,171.961340512577,7.0,561.667553679635,895.481852777616,141,89,2123.57738773023,3717.89737982166,6058.745434534112,,,,,,,230,1726.48807533561,0.06379774781456798,63,33.0553287998783,1098.1950702237884,197,293,8.36472416799321,332,,,Perennial,Perennial,unknown,493.5778005372636,515.6881071587975,1.0447959908194142
fj_natveg_high_8k_update_2025-09-30,2025,49,81.8619030962968,48.0,1089.34433186666,1348.40725018653,75,124,2123.57738773023,3717.89737982166,6058.745434534112,14,,,3,,,199,1825.21464060101,0.04848636614503272,100,37.5572114548198,1146.38867714038,191,299,,,,,,,unknown,707.0304960954999,731.1327532313354,1.0340894166078234
fj_natveg_high_all_update_2025-09-30,1991,,,,,,,,2266.72604342369,3690.535461569096,6010.13512272442,,,,,,,247,397.044196272895,0.033366933911643734,61,45.2825584427168,131.334579449043,191,308,24.889948393360083,360,,,Perennial,Perennial,dry,170.27753734248162,123.34597359873071,0.7243819444642496
fj_natveg_high_all_update_2025-09-30,1992,68,147.830632521783,8.0,301.3370509562615,407.189697429952,88,133,2266.72604342369,3690.535461569096,6010.13512272442,,,,,,,221,470.150698350285,0.029629842602384292,51,47.62970035581655,177.3406099321921,204,272,17.642790020928455,335,,,Perennial,Perennial,dry,177.7218376251131,190.60824587063624,1.0725088622632057
fj_natveg_high_all_update_2025-09-30,1993,72,246.830947764769,20.0,501.7457170401572,1012.167969764135,134,110,2266.72604342369,3690.535461569096,6010.13512272442,5,,,2,,,244,2729.3475648988,0.03772116886786594,96,70.8588747698047,151.6376369805356,117,340,45.43251731701763,362,,,Perennial,Perennial,moderate,527.6186414191094,574.7928068471729,1.089409588147192
fj_natveg_high_all_update_2025-09-30,1994,,,,178.311183273783,260.379783441623,131,91,2266.72604342369,3690.535461569096,6010.13512272442,,,,,,,222,520.996338644376,0.04085436491567157,64,20.24440125969905,48.870536760386756,156,286,15.196592628016557,359,,,Perennial,Perennial,dry,158.4791285682304,122.2070681588246,0.7711240543969201
fj_natveg_high_all_update_2025-09-30,1995,,,,55.60985615263924,873.434628378842,95,76,2266.72604342369,3690.535461569096,6010.13512272442,14,2,,6,1,,171,2664.72887758002,0.04202452862968764,169,94.44835279371205,1298.4941296369282,152,340,53.925638618155816,363,,,Perennial,Perennial,wet,710.1601449478944,760.5202870486733,1.0709137825588253
fj_natveg_high_all_update_2025-09-30,1996,67,367.511926070358,46.0,931.2319199514973,1204.73786665217,109,126,2266.72604342369,3690.535461569096,6010.13512272442,9,,,2,,,235,1662.01416180118,0.037860572532585714,94,688.7769948407765,1695.0875284663211,238,329,38.15178828983966,361,,,Perennial,Perennial,wet,683.2286710143719,647.5819518062709,0.9478260782657478
fj_natveg_high_all_update_2025-09-30,1997,50,1882.53189794645,49.0,,,,201,2266.72604342369,3690.535461569096,6010.13512272442,14,7,4,2,2,1,124,1751.87825802732,0.02621778894177583,38,181.36493529140552,675.0271189788145,302,162,76.14226831421041,366,,,Perennial,Perennial,wet,732.732433750489,1209.5895063112434,1.6507929096572984
fj_natveg_high_all_update_2025-09-30,1998,,,,890.070615818625,1220.4596170447448,156,98,2266.72604342369,3690.535461569096,6010.13512272442,9,2,,2,1,,254,1636.21311912071,0.03945505683142421,86,486.8180152947815,1322.34942001309,176,340,75.7473057645596,359,,,Perennial,Perennial,wet,753.3992091245436,731.5458035768589,0.9709935910696289
fj_natveg_high_all_update_2025-09-30,1999,55,1456.85037624657,54.0,801.8132470085312,1034.61632626892,90,150,2266.72604342369,3690.535461569096,6010.13512272442,,,,,,,240,1813.48232353243,0.036428510671923126,98,110.991091528923,231.3017170764796,129,338,49.073975049602076,361,,,Perennial,Perennial,wet,671.3483003102386,509.1665321879511,0.7584238046818004
fj_natveg_high_all_update_2025-09-30,2000,62,284.481303696845,2.0,678.3677106985965,916.6955856432851,136,101,2266.72604342369,3690.535461569096,6010.13512272442,,,,,,,237,1188.69740547942,0.03698019685520178,92,89.6939849858696,128.2736986918022,175,329,31.940066982691498,361,,,Perennial,Perennial,moderate,477.5133558507754,409.0776893728536,0.8566832411294729
fj_natveg_high_all_update_2025-09-30,2001,,,,155.24502324174492,228.53809752670497,90,138,2266.72604342369,3690.535461569096,6010.13512272442,,,,,,,228,540.651157863879,0.04493155603701967,52,31.1738054544808,576.0767960609634,229,280,14.463854633295487,331,,,Perennial,Perennial,dry,128.4868662275415,115.69524478858989,0.9004441324275236
fj_natveg_high_all_update_2025-09-30,2002,68,129.192618202236,27.0,469.8744142183692,599.7800698762251,54,143,2266.72604342369,3690.535461569096,6010.13512272442,,,,,,,197,1377.42724109171,0.03737170949435246,115,29.343869112138698,109.35240474819133,130,312,21.2966644674219,361,,,Perennial,Perennial,moderate,343.56418483725986,327.24848171169765,0.9525104657422582
fj_natveg_high_all_update_2025-09-30,2003,,,,683.0256294101926,1056.22289392886,166,76,2266.72604342369,3690.535461569096,6010.13512272442,3,,,2,,,242,1629.74399535023,0.03692259780395664,110,109.8603028197105,397.9762655918821,114,352,50.89203283548584,365,,,Perennial,Perennial,wet,676.5991238971445,611.7613593595166,0.9041710781944725
fj_natveg_high_all_update_2025-09-30,2004,67,526.137238559431,9.0,523.899662034897,889.149001112444,117,100,2266.72604342369,3690.535461569096,6010.13512272442,1,,,1,,,217,1109.29826304376,0.03599162500609827,99,40.9680421666123,87.92029113332377,117,316,26.17699837197427,360,,,Perennial,Perennial,moderate,438.59645525330205,396.9469444544576,0.9050391075897075
fj_natveg_high_all_update_2025-09-30,2005,24,63.0141793314326,23.0,313.9260953007208,660.8559276978175,164,67,2266.72604342369,3690.535461569096,6010.13512272442,,,,,,,231,1620.33451683729,0.038584217189567546,98,42.4107852735771,579.6345239331805,116,329,35.61900789409803,363,,,Perennial,Perennial,dry,435.37617034177543,372.92640796141336,0.8565613677676979
fj_natveg_high_all_update_2025-09-30,2006,36,88.093098386813,27.0,834.7491766748478,1488.03171467916,153,79,2266.72604342369,3690.535461569096,6010.13512272442,32,6,2,6,1,1,232,2315.27533116222,0.04249332651669963,77,59.07782019122115,221.837737078631,128,309,47.80803591952345,362,,,Perennial,Perennial,wet,924.9517526717099,1069.2570210931608,1.1560138331590024
fj_natveg_high_all_update_2025-09-30,2007,45,223.049699655778,16.0,376.25421120568006,634.988853947726,118,71,2266.72604342369,3690.535461569096,6010.13512272442,3,1,,1,1,,189,901.161423981156,0.0337059871983789,112,38.03548178800365,136.2722303773782,128,301,24.70446750708987,333,,,Perennial,Perennial,moderate,387.6026527513728,447.6882706294787,1.155018593014243
fj_natveg_high_all_update_2025-09-30,2008,18,291.530977699747,17.0,234.2702471189965,477.2507243647415,178,63,2266.72604342369,3690.535461569096,6010.13512272442,1,,,1,,,241,1320.41530846931,0.0372622247707408,83,40.0659539369959,153.84124357503921,129,324,29.243442999340083,362,,,Perennial,Perennial,dry,392.5366774630716,398.66067222997924,1.0156010765834327
fj_natveg_high_all_update_2025-09-30,2009,35,96.7992918509578,34.0,201.9813258823516,449.00784005888,149,87,2266.72604342369,3690.535461569096,6010.13512272442,,,,,,,236,946.773463359943,0.04373270341426084,70,37.6969761970165,82.96549624222641,140,306,20.345822670368513,359,,,Perennial,Perennial,dry,282.624669948514,281.7758153960287,0.9969965305836892
fj_natveg_high_all_update_2025-09-30,2010,72,90.7051861348842,3.0,332.6282915747003,511.8586481830835,168,80,2266.72604342369,3690.535461569096,6010.13512272442,1,,,1,,,248,2310.91781192212,0.03946727516233333,90,55.9269957571338,330.30288003496133,93,338,41.6056489421182,359,,,Perennial,Perennial,moderate,428.5095194224337,426.42117586080553,0.9951264943554978
fj_natveg_high_all_update_2025-09-30,2011,25,161.655621535491,15.0,487.2333918005276,990.207397093987,207,65,2266.72604342369,3690.535461569096,6010.13512272442,,,,,,,272,1574.31975128766,0.03728493655833099,90,94.26976235480606,120.19647947067561,92,362,49.83920265452512,362,,,Perennial,Perennial,moderate,663.614918950099,473.0032922493239,0.7127677192635444
fj_natveg_high_all_update_2025-09-30,2012,,,,183.953612767037,464.126768272363,141,88,2266.72604342369,3690.535461569096,6010.13512272442,1,,,1,,,229,1462.19919943688,0.039066622481910555,96,51.5282801598153,502.8942938778127,157,325,28.60350748782264,361,,,Perennial,Perennial,moderate,380.0336649766977,441.79469316739204,1.1625146240517437
fj_natveg_high_all_update_2025-09-30,2013,52,148.363749107475,51.0,350.2421294663404,494.586771937579,105,116,2266.72604342369,3690.535461569096,6010.13512272442,1,,,1,,,221,858.803565746918,0.03316636839872909,87,40.6005035460872,59.66386177258049,138,308,33.49705239433291,332,,,Perennial,Perennial,moderate,308.1838400955947,309.0829504611618,1.0029174481221603
fj_natveg_high_all_update_2025-09-30,2014,,,,69.00040773271002,288.4924592195105,112,80,2266.72604342369,3690.535461569096,6010.13512272442,,,,,,,192,402.165820265675,0.030026835956253946,83,26.143212985602602,59.778538386932034,142,275,18.055350228712996,331,,,Perennial,Perennial,dry,153.64752507690167,216.5151428763727,1.409167786907113
fj_natveg_high_all_update_2025-09-30,2015,26,81.7965260019852,19.0,273.1673501662452,513.508443960667,79,51,2266.72604342369,3690.535461569096,6010.13512272442,4,2,1,1,1,1,130,6100.44437176966,0.03633302337772261,63,77.9239621533033,981.3526694874673,329,193,24.47399457923046,360,,,Perennial,Perennial,moderate,354.65273777601084,539.3661911522448,1.5208290637612223
fj_natveg_high_all_update_2025-09-30,2016,71,254.359634158464,52.0,1266.13439309253,1694.32667315348,39,156,2266.72604342369,3690.535461569096,6010.13512272442,8,,,3,,,195,1902.40007661097,0.03717780658333427,127,55.725407867703,533.6246836351141,113,322,32.9319066087352,360,,,Perennial,Perennial,wet,570.1661381641946,630.49128671417,1.1058027555691199
fj_natveg_high_all_update_2025-09-30,2017,18,225.025089303681,17.0,784.3079588000531,1435.51034439908,148,69,2266.72604342369,3690.535461569096,6010.13512272442,24,3,1,5,1,1,217,2308.65056126787,0.04102046754704944,122,60.93357323077775,140.3932492561105,76,339,56.4636519841937,363,,,Perennial,Perennial,wet,979.2534628497017,898.8887676719023,0.9179326923757491
fj_natveg_high_all_update_2025-09-30,2018,45,162.962497184374,2.0,196.9780444442722,326.910531074175,169,49,2266.72604342369,3690.535461569096,6010.13512272442,,,,,,,218,553.024575103932,0.03716242241544847,77,33.9974333700034,72.12981284044352,147,295,23.501394206130897,359,,,Perennial,Perennial,dry,243.2298644952041,226.40982970357285,0.9308471645678078
fj_natveg_high_all_update_2025-09-30,2019,,,,238.65389144655262,734.008604519468,145,76,2266.72604342369,3690.535461569096,6010.13512272442,1,,,1,,,221,1608.07918301422,0.04236604037279092,92,59.554261641576,156.648838877093,167,313,45.41657491710707,365,,,Perennial,Perennial,moderate,510.3307925780481,545.2979261973876,1.068518565071677
fj_natveg_high_all_update_2025-09-30,2020,75,226.446079556883,3.0,205.7119325366082,251.8051084997455,130,114,2266.72604342369,3690.535461569096,6010.13512272442,,,,,,,244,434.104805444744,0.03993892011906214,55,33.4640956589092,73.1760973124537,169,299,22.854618346429273,362,,,Perennial,Perennial,dry,168.9374639465409,138.94636700896783,0.8224721962970656
fj_natveg_high_all_update_2025-09-30,2021,52,51.3734474177324,33.0,215.5242872259798,280.11640271042,125,102,2266.72604342369,3690.535461569096,6010.13512272442,,,,,,,227,426.539128572554,0.03562424707292143,58,37.5234777733711,196.01860789348322,177,285,24.191219625577883,329,,,Perennial,Perennial,dry,151.60619225634616,140.3851554508663,0.9259856300163086
fj_natveg_high_all_update_2025-09-30,2022,36,231.682709195343,7.0,234.1325816375462,274.4516849211175,152,96,2266.72604342369,3690.535461569096,6010.13512272442,,,,,,,248,418.050733410846,0.032137936377109405,63,29.9127730661218,57.3795811925201,131,311,25.876437975848855,362,,,Perennial,Perennial,moderate,191.43643178038948,122.55923721222682,0.6402085333100198
fj_natveg_high_all_update_2025-09-30,2023,,,,305.236105301095,650.1560537138071,166,76,2266.72604342369,3690.535461569096,6010.13512272442,,,,,,,242,1797.0595729173,0.03728621603301136,93,53.7708759448562,103.9962840108915,96,335,46.90357113195097,361,,,Perennial,Perennial,wet,469.434555067371,525.1581676875679,1.118703687273724
fj_natveg_high_all_update_2025-09-30,2024,53,108.783581519285,1.0,295.8136233065678,828.354107433582,165,65,2266.72604342369,3690.535461569096,6010.13512272442,,,,,,,230,1891.5181318132,0.042157946924517214,95,68.8784290752833,1409.0337125242054,165,325,35.35878539580591,362,,,Perennial,Perennial,unknown,525.438189656918,515.7123978862953,0.9814901315472081
fj_natveg_high_all_update_2025-09-30,2025,49,129.835827444088,48.0,1100.690926122471,1490.420625177865,98,124,2266.72604342369,3690.535461569096,6010.13512272442,10,,,3,,,222,1809.05736308844,0.03780720821770436,91,70.0881812158811,1274.8518349320166,177,313,,,,,,,unknown,742.6626222488023,717.1214836445936,0.9656086925084912
fj_natveg_low_12k_update_2025-09-30,1991,,,,,,,,2177.93765483624,3792.753682763636,6102.655871028696,,,,,,,237,427.288788645557,0.04129258738743558,57,56.60084374227855,357.2797065609374,264,294,9.823357823968998,331,,,Perennial,Perennial,dry,156.35212880060118,118.3571518683657,0.7569909842373097
fj_natveg_low_12k_update_2025-09-30,1992,68,127.59615002387,67.0,497.869319261218,639.944474482652,21,192,2177.93765483624,3792.753682763636,6102.655871028696,,,,,,,213,565.441972183609,0.03876821577445124,69,45.8854419319918,575.4337993610865,243,282,7.932282526865988,332,,,Perennial,Perennial,dry,161.42172644937366,185.2204330045173,1.1474318673119108
fj_natveg_low_12k_update_2025-09-30,1993,72,201.106040422097,71.0,903.4470922150776,1148.4534815626,85,159,2177.93765483624,3792.753682763636,6102.655871028696,5,,,2,,,244,2546.77932116727,0.035341623113479645,86,69.17366009814485,183.5694198477633,150,330,41.85047586896241,331,,,Perennial,Perennial,moderate,514.8586195164196,572.0612998282037,1.1111036664113958
fj_natveg_low_12k_update_2025-09-30,1994,73,205.320899035588,18.0,223.870181985021,273.389064963323,109,114,2177.93765483624,3792.753682763636,6102.655871028696,,,,,,,223,434.437392763539,0.042404725884268746,52,9.89085543322452,35.37306528537431,167,275,7.584827955248534,330,,,Perennial,Perennial,dry,145.87682434355773,118.39982092968741,0.8116424350645404
fj_natveg_low_12k_update_2025-09-30,1995,,,,55.270572944134585,896.240137150025,95,76,2177.93765483624,3792.753682763636,6102.655871028696,17,2,,6,1,,171,2743.18343442673,0.04315305045941617,171,74.7491817861269,633.5743380500961,113,342,63.90769879115374,366,,,Perennial,Perennial,wet,703.3367716285928,778.9415017044125,1.1074943513912334
fj_natveg_low_12k_update_2025-09-30,1996,74,2092.63761142792,3.0,972.5527777107254,1244.10170329503,119,89,2177.93765483624,3792.753682763636,6102.655871028696,12,,,3,,,208,1921.00424362086,0.0446061607167934,103,656.2412735403504,1677.0813237815,256,311,13.49375606610213,332,,,Perennial,Perennial,wet,684.7853621864208,671.4742907951061,0.980561688192612
fj_natveg_low_12k_update_2025-09-30,1997,50,1793.13081624007,49.0,,,,201,2177.93765483624,3792.753682763636,6102.655871028696,15,7,4,2,2,1,124,1806.91150660119,0.02631891202276839,38,164.940678489383,668.2552904738815,280,162,66.10919631528171,300,,,Perennial,Perennial,wet,734.125764151533,1243.2823383897805,1.6935549725961547
fj_natveg_low_12k_update_2025-09-30,1998,,,,305.43294328609994,1206.32892727219,144,76,2177.93765483624,3792.753682763636,6102.655871028696,9,2,,2,1,,220,1870.41986646327,0.04028953155194162,121,552.967515758099,1417.290469630964,175,341,69.81820327445867,341,,,Perennial,Perennial,wet,760.6303755537961,745.6028789544873,0.9802433651320228
fj_natveg_low_12k_update_2025-09-30,1999,55,1557.78083830802,53.0,798.325694774464,1043.40234150705,90,150,2177.93765483624,3792.753682763636,6102.655871028696,,,,,,,240,1692.992808761,0.0379969533941882,86,71.1426142202588,249.411902200719,141,326,37.63128577846249,330,,,Perennial,Perennial,wet,673.9801549301518,520.1587270326385,0.7717715769933098
fj_natveg_low_12k_update_2025-09-30,2000,62,289.091114349669,2.0,719.8568853533386,950.3890067369465,136,101,2177.93765483624,3792.753682763636,6102.655871028696,,,,,,,237,1115.4748554832,0.04154760776711689,80,74.2398453776589,140.0126871260134,203,317,17.62528829863714,332,,,Perennial,Perennial,moderate,481.54480245725625,424.4360207730153,0.8814050501784615
fj_natveg_low_12k_update_2025-09-30,2001,,,,189.9482619179051,237.0891312611115,74,154,2177.93765483624,3792.753682763636,6102.655871028696,,,,,,,228,399.280154208535,0.050780425331856865,40,32.53713020848525,736.3707347292125,288,268,7.757752573949727,330,,,Perennial,Perennial,dry,117.09602897647284,111.60748277118061,0.9531278195062021
fj_natveg_low_12k_update_2025-09-30,2002,68,155.546139224931,67.0,871.0435638489578,927.446735378977,7,190,2177.93765483624,3792.753682763636,6102.655871028696,,,,,,,197,1340.00473015777,0.04298995316854144,103,29.7030877361445,101.11664964978576,142,300,10.365536113446785,332,,,Perennial,Perennial,moderate,334.5995919385034,336.33144117047635,1.0051758856666246
fj_natveg_low_12k_update_2025-09-30,2003,,,,798.1868803401405,1092.5309083135,166,76,2177.93765483624,3792.753682763636,6102.655871028696,6,,,3,,,242,1562.52277241027,0.03742991769874063,85,72.11712735436,420.6499092338826,139,327,63.57611812721123,332,,,Perennial,Perennial,wet,686.3690094007433,635.2497299445113,0.9255221626325126
fj_natveg_low_12k_update_2025-09-30,2004,67,537.784293596913,9.0,607.7037982308591,958.815376427808,96,100,2177.93765483624,3792.753682763636,6102.655871028696,1,,,1,,,196,1060.54542548986,0.03858544257338882,106,36.9365320711451,72.4897583988802,131,302,11.9959970525873,333,,,Perennial,Perennial,moderate,450.08543979243314,433.3367595257639,0.9627877758623046
fj_natveg_low_12k_update_2025-09-30,2005,34,74.8206776369364,6.0,355.37373680096863,713.4362170660165,164,67,2177.93765483624,3792.753682763636,6102.655871028696,,,,,,,231,1544.7394670353,0.044318080130310605,86,50.1895763500437,671.2473869254433,127,317,18.1163315579069,332,,,Perennial,Perennial,dry,442.75450915763435,384.2859341926309,0.8679435810236169
fj_natveg_low_12k_update_2025-09-30,2006,36,105.24316764341,35.0,1811.219201097338,2484.86993093912,47,78,2177.93765483624,3792.753682763636,6102.655871028696,40,6,2,4,1,1,125,3417.13033333721,0.04066993311842947,35,215.120682275821,1389.447053881422,277,160,36.90700818058513,330,,,Perennial,Perennial,wet,933.1982421566934,1104.069176683075,1.1831025036346894
fj_natveg_low_12k_update_2025-09-30,2007,47,399.602801102612,1.0,409.33025876086043,662.665783932621,105,71,2177.93765483624,3792.753682763636,6102.655871028696,3,1,,1,1,,176,993.836469585224,0.04065528614734723,111,24.8644127011618,115.989138712112,141,287,11.277800140502313,331,,,Perennial,Perennial,moderate,386.6257633151145,464.51195933644067,1.201451127709371
fj_natveg_low_12k_update_2025-09-30,2008,18,263.75567756613,17.0,247.1918007139482,556.468817823067,179,62,2177.93765483624,3792.753682763636,6102.655871028696,1,,,1,,,241,1241.1858726267,0.041167105240230345,70,118.524351662446,237.24332310739044,199,311,15.075386186972072,332,,,Perennial,Perennial,dry,393.5271557995906,389.361637565983,0.9894149154074415
fj_natveg_low_12k_update_2025-09-30,2009,45,202.551750942033,44.0,432.21173902638276,581.0311903921825,92,144,2177.93765483624,3792.753682763636,6102.655871028696,,,,,,,236,880.531364080019,0.0486521147151115,62,32.0530478740975,66.23721408435598,143,298,10.71042610920637,331,,,Perennial,Perennial,dry,273.1357590064579,272.4096250568577,0.9973414907215316
fj_natveg_low_12k_update_2025-09-30,2010,59,67.6265854487699,4.0,246.68843918741038,555.461368857396,173,75,2177.93765483624,3792.753682763636,6102.655871028696,1,,,1,,,248,2183.46742482024,0.04263167455348284,80,80.3214560779582,325.595776249005,102,328,36.822750410327785,331,,,Perennial,Perennial,moderate,426.1314434234008,418.27976280527747,0.9815745100735925
fj_natveg_low_12k_update_2025-09-30,2011,25,137.258226500461,24.0,540.0874883691544,1002.88595512653,208,64,2177.93765483624,3792.753682763636,6102.655871028696,,,,,,,272,1469.02465800461,0.04556582817418997,65,86.32921457265769,125.8041215647621,118,337,70.18997480857092,363,,,Perennial,Perennial,moderate,672.2824712751902,470.58127776400926,0.6999755279524205
fj_natveg_low_12k_update_2025-09-30,2012,55,134.134386722619,12.0,207.1762911625203,520.783796668496,140,89,2177.93765483624,3792.753682763636,6102.655871028696,1,,,1,,,229,1418.92810555512,0.041673633701271556,84,51.9294572266345,566.4759316734251,169,313,17.678265787500887,331,,,Perennial,Perennial,moderate,383.4563471740209,449.24110016299255,1.1715573453765706
fj_natveg_low_12k_update_2025-09-30,2013,52,159.008680990721,51.0,379.5538276936548,501.481551888212,105,116,2177.93765483624,3792.753682763636,6102.655871028696,1,,,1,,,221,748.197211980449,0.03862486834272126,69,39.58358481355415,60.4767293768027,152,290,13.343283120494814,330,,,Perennial,Perennial,moderate,310.7237040679441,317.3984006423529,1.0214811309437444
fj_natveg_low_12k_update_2025-09-30,2014,,,,67.92791029532076,102.1678773576738,104,76,2177.93765483624,3792.753682763636,6102.655871028696,,,,,,,180,602.264665137534,0.035815233332509674,83,11.3366043742098,55.576628484587,161,263,8.628695579752206,329,,,Perennial,Perennial,dry,150.25137957891252,227.37188772562777,1.5132765393758751
fj_natveg_low_12k_update_2025-09-30,2015,26,46.4898867873204,25.0,384.1364329735661,582.6342882452575,72,58,2177.93765483624,3792.753682763636,6102.655871028696,5,2,1,1,1,1,130,6215.41936235652,0.03611445921615684,63,61.1622029992936,1040.093320445372,329,193,10.732318866972456,331,,,Perennial,Perennial,moderate,357.75322486595513,572.4870512461364,1.600228904884474
fj_natveg_low_12k_update_2025-09-30,2016,71,288.999300303435,58.0,1292.512781526404,1739.57003395103,39,156,2177.93765483624,3792.753682763636,6102.655871028696,9,,,4,,,195,1916.23001948765,0.038631531247540596,114,65.6130751712893,542.687923094663,126,309,15.938109774154555,333,,,Perennial,Perennial,wet,571.8140481655536,652.6774018924787,1.1414154723661376
fj_natveg_low_12k_update_2025-09-30,2017,18,242.530422472961,17.0,852.5278306504183,1461.970430698605,148,69,2177.93765483624,3792.753682763636,6102.655871028696,29,3,1,5,1,1,217,2249.82895634123,0.03598915265378728,125,66.5621302727603,123.11053990958959,73,342,61.257784994347666,342,,,Perennial,Perennial,wet,983.5955746453833,913.2521263447023,0.9284833623554661
fj_natveg_low_12k_update_2025-09-30,2018,44,141.757834138791,1.0,198.1127610926924,340.681309621997,169,49,2177.93765483624,3792.753682763636,6102.655871028696,,,,,,,218,500.093775406087,0.04258916664183326,62,27.72135227969065,66.51840057869215,162,280,10.511341310276128,331,,,Perennial,Perennial,dry,233.2712398827575,225.86418364350348,0.9682470233236775
fj_natveg_low_12k_update_2025-09-30,2019,,,,234.88723889939,785.780559967283,145,76,2177.93765483624,3792.753682763636,6102.655871028696,1,,,1,,,221,1540.1737792792,0.0403638917783123,98,59.9877491760746,167.231525390295,161,319,33.68723845778948,330,,,Perennial,Perennial,moderate,504.94608766167744,546.4724943449002,1.0822392879119525
fj_natveg_low_12k_update_2025-09-30,2020,75,203.636720506061,3.0,194.51565327968922,247.111621705955,117,114,2177.93765483624,3792.753682763636,6102.655871028696,,,,,,,231,449.127721907968,0.04410532826168833,56,25.1763920317227,49.46049524512086,155,287,10.137733857261214,332,,,Perennial,Perennial,dry,156.42550130438485,134.00736754583835,0.8566849166433319
fj_natveg_low_12k_update_2025-09-30,2021,,,,89.80000909812992,270.095379622679,142,76,2177.93765483624,3792.753682763636,6102.655871028696,,,,,,,218,420.248294821075,0.036501713569209615,57,24.28488307895575,219.25402491054362,188,275,9.551438159781235,330,,,Perennial,Perennial,dry,141.5305887430624,136.79470908763355,0.9665381194447904
fj_natveg_low_12k_update_2025-09-30,2022,37,186.752242885054,36.0,248.287730904179,291.133536466888,141,97,2177.93765483624,3792.753682763636,6102.655871028696,,,,,,,238,341.341415950932,0.04622062956164842,58,27.593060921213052,54.68017139112775,146,296,12.208212332765356,331,,,Perennial,Perennial,moderate,182.16840113155985,123.90539964174339,0.6801695512069648
fj_natveg_low_12k_update_2025-09-30,2023,,,,366.9862545848395,690.411994426962,166,76,2177.93765483624,3792.753682763636,6102.655871028696,,,,,,,242,1706.62999241494,0.045119872123127416,79,56.9304718227943,146.57716540156173,123,321,33.91044682937279,331,,,Perennial,Perennial,wet,470.7223597458114,511.48264073833633,1.086590917445552
fj_natveg_low_12k_update_2025-09-30,2024,,,,397.63216626395104,900.471541338869,152,78,2177.93765483624,3792.753682763636,6102.655871028696,,,,,,,230,1779.95362247008,0.04771362571570767,75,58.2756377261017,1232.9315597526536,185,305,21.096840034093727,332,,,Perennial,Perennial,unknown,519.647905331442,519.4908570660518,0.9996977794699471
fj_natveg_low_12k_update_2025-09-30,2025,49,124.163037147048,47.0,1115.955094077704,1376.42641362605,75,124,2177.93765483624,3792.753682763636,6102.655871028696,13,,,2,,,199,1847.15919087605,0.033638466674368005,123,78.64316128255155,1423.3208004922426,168,322,,,,,,,unknown,742.0114243793844,733.8632869016647,0.9890188517184425
fj_natveg_low_4k_update_2025-09-30,1991,,,,,,,,2129.46561793125,3767.9698169315775,6097.67740223136,,,,,,,237,392.479759244575,0.040214643373374874,47,36.5262439020483,349.19647199315904,274,284,7.374418697958925,330,,,Perennial,Perennial,dry,145.17228159832794,115.63611399452357,0.7965440283874097
fj_natveg_low_4k_update_2025-09-30,1992,68,109.459309683447,67.0,474.311575389248,612.401241575277,21,192,2129.46561793125,3767.9698169315775,6097.67740223136,,,,,,,213,539.743154018846,0.04158086251461612,57,10.7326788161511,147.926366332534,206,270,5.649127426636671,331,,,Perennial,Perennial,dry,146.37975238732355,182.6570228999091,1.2478298393113496
fj_natveg_low_4k_update_2025-09-30,1993,72,132.769532075123,20.0,528.338306912261,1013.51407575695,134,110,2129.46561793125,3767.9698169315775,6097.67740223136,5,,,2,,,244,2455.89044562973,0.050292099770086585,68,,,,312,15.576956521847698,331,,,Perennial,Perennial,moderate,490.0651504477475,575.1222760476452,1.1735628936727807
fj_natveg_low_4k_update_2025-09-30,1994,73,192.807285838369,72.0,,,,,2129.46561793125,3767.9698169315775,6097.67740223136,,,,,,,222,378.32806460252,0.058039477792481156,40,7.83873343158144,11.967236526386568,180,262,5.281831127320378,330,,,Perennial,Perennial,dry,133.1569371341108,115.19919750227567,0.8651385348872305
fj_natveg_low_4k_update_2025-09-30,1995,,,,14.6320691816736,879.674247688826,95,76,2129.46561793125,3767.9698169315775,6097.67740223136,17,2,,6,1,,171,2736.96372049026,0.050611367274772986,156,58.660240606148,592.3011591783429,128,327,28.508418893783947,331,,,Perennial,Perennial,wet,675.8328633954895,776.4414662850626,1.1488661003907086
fj_natveg_low_4k_update_2025-09-30,1996,74,2069.06691067012,3.0,970.339545417121,1242.13066258294,119,89,2129.46561793125,3767.9698169315775,6097.67740223136,12,,,3,,,208,1918.86002207188,0.05880824899980093,86,625.855761750335,1643.702558821094,275,294,9.116307103580647,332,,,Perennial,Perennial,wet,665.5643033618935,677.776795847998,1.0183490797574581
fj_natveg_low_4k_update_2025-09-30,1997,50,1716.99582807244,49.0,,,,203,2129.46561793125,3767.9698169315775,6097.67740223136,16,7,4,3,2,1,124,1806.09710297246,0.02634652943342053,38,175.8236819096885,641.5553342051926,304,162,43.11975348460996,299,,,Perennial,Perennial,wet,714.4267397979111,1245.5332246973696,1.7434023046921394
fj_natveg_low_4k_update_2025-09-30,1998,58,285.768102303699,5.0,900.8711529522892,1287.2644212058099,120,100,2129.46561793125,3767.9698169315775,6097.67740223136,9,2,,2,1,,220,1850.5549576753,0.05023553551046355,107,547.961007769332,1403.1191189434862,189,327,28.332864943991055,331,,,Perennial,Perennial,wet,745.6402012435461,748.7195208620255,1.0041297660900577
fj_natveg_low_4k_update_2025-09-30,1999,55,1542.17195996667,54.0,787.8796163463833,1036.789159237725,90,150,2129.46561793125,3767.9698169315775,6097.67740223136,1,,,1,,,240,1625.12026728534,0.05615518111886775,67,85.2306361911551,765.2379120410726,195,307,12.822375845113,333,,,Perennial,Perennial,wet,652.2137279887918,525.9274834616507,0.806372912577959
fj_natveg_low_4k_update_2025-09-30,2000,52,174.805315643679,51.0,887.547701691473,974.130558544596,61,136,2129.46561793125,3767.9698169315775,6097.67740223136,,,,,,,197,1553.22242602724,0.0461039800527692,109,61.19459317021395,138.55393225104282,214,306,9.363834890066157,332,,,Perennial,Perennial,moderate,464.9109223054988,428.5280731832343,0.9217423222886624
fj_natveg_low_4k_update_2025-09-30,2001,,,,173.7026294797585,211.8754830734245,74,154,2129.46561793125,3767.9698169315775,6097.67740223136,,,,,,,228,316.252217221141,0.07440692594519285,28,11.929143200277949,705.4325361423406,300,256,5.431005523201987,330,,,Perennial,Perennial,dry,103.91617664342961,107.95849463087285,1.0388997951812042
fj_natveg_low_4k_update_2025-09-30,2002,68,57.9506365209071,67.0,853.0576242240644,908.279127765722,7,190,2129.46561793125,3767.9698169315775,6097.67740223136,,,,,,,197,1314.71885652807,0.04781169560077961,90,10.5089728686207,56.12266925735117,155,287,7.5056683896609595,330,,,Perennial,Perennial,moderate,309.89489729033477,333.6758865785094,1.0767388863001983
fj_natveg_low_4k_update_2025-09-30,2003,,,,796.0304785010101,1083.5653972894002,166,76,2129.46561793125,3767.9698169315775,6097.67740223136,8,,,5,,,242,1524.55288414153,0.04998930544022055,73,61.0806686274694,414.239937530232,151,315,35.72647507294954,330,,,Perennial,Perennial,wet,660.1248853522939,639.9626478138237,0.9694569346106229
fj_natveg_low_4k_update_2025-09-30,2004,67,532.609141724977,10.0,604.920724550538,958.446861340398,96,100,2129.46561793125,3767.9698169315775,6097.67740223136,2,,,1,,,196,1045.45228842768,0.04399975168315704,93,16.421586539083,384.246132427071,191,289,8.78779259120282,331,,,Perennial,Perennial,moderate,433.9867952180499,437.45499554939516,1.007991488150239
fj_natveg_low_4k_update_2025-09-30,2005,70,1194.65164631333,10.0,611.3752278854822,778.741701081078,117,114,2129.46561793125,3767.9698169315775,6097.67740223136,,,,,,,231,1504.34574189894,0.05020000513450737,76,21.7631710401707,648.1686309201929,137,307,9.750473151484714,331,,,Perennial,Perennial,dry,420.6925384834722,387.2820036809919,0.9205820599459172
fj_natveg_low_4k_update_2025-09-30,2006,36,89.6744679101998,35.0,1809.37838321893,2478.52616606095,47,78,2129.46561793125,3767.9698169315775,6097.67740223136,41,6,2,4,1,1,125,3417.24702705666,0.04080669482316253,35,192.637035628343,1365.17557770507,277,160,13.032219180196515,332,,,Perennial,Perennial,wet,912.1939740039988,1109.3435467295853,1.2161268089288235
fj_natveg_low_4k_update_2025-09-30,2007,47,382.753049570588,1.0,402.0547327495744,654.545658617583,105,71,2129.46561793125,3767.9698169315775,6097.67740223136,3,1,,1,1,,176,992.184854938809,0.04612387632651052,100,11.9393072028053,76.48204509890252,152,276,8.392331677331093,330,,,Perennial,Perennial,moderate,371.0316098661833,465.7880887369431,1.2553865394512742
fj_natveg_low_4k_update_2025-09-30,2008,19,76.9531603290887,18.0,241.3842228355588,550.471700732871,179,62,2129.46561793125,3767.9698169315775,6097.67740223136,,,,,,,241,1198.22778767788,0.05734022158893532,57,47.1699087081299,234.4365072621598,212,298,9.242463437037065,332,,,Perennial,Perennial,dry,370.3450682757742,387.20424496979774,1.045522886999725
fj_natveg_low_4k_update_2025-09-30,2009,45,167.99473501426,44.0,418.4920277756132,576.1673103312676,92,144,2129.46561793125,3767.9698169315775,6097.67740223136,,,,,,,236,834.454879610476,0.05860758977354312,52,11.9019500894024,67.49745475385488,169,288,8.093913108737878,330,,,Perennial,Perennial,dry,255.62297733946718,266.0662468849693,1.0408541894558776
fj_natveg_low_4k_update_2025-09-30,2010,72,67.6054783956268,7.0,429.3145752658174,576.72856420469,157,91,2129.46561793125,3767.9698169315775,6097.67740223136,,,,,,,248,2107.27950552593,0.05449648701511274,68,58.6437665593444,307.2293276295091,114,316,10.897934202157513,333,,,Perennial,Perennial,moderate,404.9565286139042,416.8419939465433,1.0293499783132798
fj_natveg_low_4k_update_2025-09-30,2011,39,400.653273469016,9.0,536.470334577949,982.908869136095,201,64,2129.46561793125,3767.9698169315775,6097.67740223136,,,,,,,265,1421.01273360393,0.04998928011673368,76,79.7649026520793,120.2690114636176,113,341,55.83097583218429,341,,,Perennial,Perennial,moderate,654.4626009200152,469.937039800833,0.7180502585483355
fj_natveg_low_4k_update_2025-09-30,2012,,,,201.317180438406,501.038483615417,141,88,2129.46561793125,3767.9698169315775,6097.67740223136,1,,,1,,,229,1372.6562459616,0.054371392450881274,71,34.6672902664492,535.3631462027499,182,300,9.307827101498491,332,,,Perennial,Perennial,moderate,368.4386194386868,447.41296979113656,1.2143487305233271
fj_natveg_low_4k_update_2025-09-30,2013,52,147.989376853691,51.0,378.9563803741476,497.271177092944,105,116,2129.46561793125,3767.9698169315775,6097.67740223136,1,,,1,,,221,690.830048144135,0.04931007968179114,53,12.5784278727641,52.19307957907153,168,274,8.808029682011188,330,,,Perennial,Perennial,moderate,294.5523443818349,318.0734726306512,1.0798538144321315
fj_natveg_low_4k_update_2025-09-30,2014,,,,63.18388306333934,100.09257663172434,104,76,2129.46561793125,3767.9698169315775,6097.67740223136,,,,,,,180,602.489510023941,0.039469971837836224,72,9.071525326731866,213.14186130121112,194,252,6.159235817924179,329,,,Perennial,Perennial,dry,139.389057420072,229.38042974280975,1.6456128909139105
fj_natveg_low_4k_update_2025-09-30,2015,54,112.505162905524,24.0,421.91474653234485,574.877446215146,50,80,2129.46561793125,3767.9698169315775,6097.67740223136,5,2,1,1,1,1,130,6207.20747613074,0.029333295062724914,78,22.7272060592283,1040.945830397975,314,208,7.598864367473218,330,,,Perennial,Perennial,moderate,338.87464322903725,574.113514264492,1.6941766689709576
fj_natveg_low_4k_update_2025-09-30,2016,71,259.865239754746,70.0,1286.014678474984,1733.09608711263,39,156,2129.46561793125,3767.9698169315775,6097.67740223136,10,,,5,,,195,1910.3409718175,0.05143010588417882,98,21.6960222858698,510.32897949532975,142,293,9.422548676652568,331,,,Perennial,Perennial,wet,548.6503687121956,658.951776656295,1.2010413447875763
fj_natveg_low_4k_update_2025-09-30,2017,18,208.565421782273,17.0,839.0059346690064,1456.7969955118601,148,69,2129.46561793125,3767.9698169315775,6097.67740223136,30,3,1,5,1,1,217,2213.72011831206,0.051251665227350446,95,59.96321692724325,265.3785172988875,156,312,22.595574346680852,330,,,Perennial,Perennial,wet,961.2537168384808,921.8827853745041,0.9590421022313798
fj_natveg_low_4k_update_2025-09-30,2018,41,119.973238049983,40.0,254.503776447895,359.9359531743745,116,102,2129.46561793125,3767.9698169315775,6097.67740223136,,,,,,,218,457.784597459017,0.04952464690566079,56,10.935580787221252,37.517781280556356,168,274,8.110888556076281,330,,,Perennial,Perennial,dry,219.42321795716168,217.46997036164868,0.9910982638314313
fj_natveg_low_4k_update_2025-09-30,2019,,,,220.5978154220264,783.778741542149,145,76,2129.46561793125,3767.9698169315775,6097.67740223136,2,,,1,,,221,1499.26463985133,0.05319378369956665,78,48.8551233797898,164.994790858973,181,299,11.498873749822327,332,,,Perennial,Perennial,moderate,482.08656478853425,550.5494645087193,1.1420137060866156
fj_natveg_low_4k_update_2025-09-30,2020,75,184.19593923096,3.0,171.0568697691584,242.762224021732,117,114,2129.46561793125,3767.9698169315775,6097.67740223136,,,,,,,231,400.368360950349,0.0548961760841834,46,10.149000742437,20.265763363213253,165,277,7.708968526591953,331,,,Perennial,Perennial,dry,141.45782323316791,129.2870912006856,0.9139621142591666
fj_natveg_low_4k_update_2025-09-30,2021,,,,78.80632240021234,260.705712474289,142,76,2129.46561793125,3767.9698169315775,6097.67740223136,,,,,,,218,362.229796099677,0.058210330084046684,43,11.2511694483937,174.3085609027143,199,261,7.166384188515206,330,,,Perennial,Perennial,dry,123.11515516789008,133.11165578719257,1.081196345045177
fj_natveg_low_4k_update_2025-09-30,2022,36,50.9857626790359,5.0,236.07434550992662,277.721602346575,137,94,2129.46561793125,3767.9698169315775,6097.67740223136,,,,,,,231,332.553675852926,0.045701883380679445,56,13.2147998027464,26.416846596458534,155,287,9.593190220832627,330,,,Perennial,Perennial,moderate,160.52000482667322,121.71483998796428,0.7582534034894274
fj_natveg_low_4k_update_2025-09-30,2023,,,,366.63411544793655,682.6463850403454,166,76,2129.46561793125,3767.9698169315775,6097.67740223136,,,,,,,242,1659.85342737562,0.06084218465174082,59,41.3425206913844,93.23794177298905,143,301,11.05708440749277,332,,,Perennial,Perennial,wet,447.50111804226003,509.00111504965815,1.137429817553194
fj_natveg_low_4k_update_2025-09-30,2024,,,,395.0303034198579,897.5068873262694,152,78,2129.46561793125,3767.9698169315775,6097.67740223136,1,,,1,,,230,1712.11095949141,0.06210276308850982,64,38.0528082507508,1125.8914151007102,196,294,9.346086992783,332,,,Perennial,Perennial,unknown,500.9108642333218,519.4582326639452,1.037027283205389
fj_natveg_low_4k_update_2025-09-30,2025,49,107.767671748036,48.0,1110.635004927598,1371.18328919529,75,124,2129.46561793125,3767.9698169315775,6097.67740223136,14,,,3,,,199,1840.91209172345,0.04564388388370002,101,41.929138588486055,1175.7936142626315,190,300,,,,,,,unknown,717.779516887357,738.2395629651041,1.0285046390937316
fj_natveg_low_8k_update_2025-09-30,1991,,,,,,,,2147.74627152977,3779.496540511948,6100.032694311766,,,,,,,237,410.396974239037,0.03915307296115696,51,50.95779501615205,352.6340061518129,270,288,7.819857514473818,330,,,Perennial,Perennial,dry,150.45123163645852,117.7388705756814,0.7825716632229284
fj_natveg_low_8k_update_2025-09-30,1992,68,117.610077829124,67.0,485.431158465436,624.840260713654,21,192,2147.74627152977,3779.496540511948,6100.032694311766,,,,,,,213,551.808385393872,0.037448848490793565,64,12.1940068796011,172.1500900491957,199,277,5.940832062808845,331,,,Perennial,Perennial,dry,153.46760285004152,183.72635772846328,1.197167052306073
fj_natveg_low_8k_update_2025-09-30,1993,72,181.100208129428,27.0,532.5047999642023,1018.10361317515,134,110,2147.74627152977,3779.496540511948,6100.032694311766,5,,,2,,,244,2497.91019862849,0.04181461163136986,77,,,,321,29.6180523191743,330,,,Perennial,Perennial,moderate,501.7172573817929,573.4512212904012,1.1429768716407154
fj_natveg_low_8k_update_2025-09-30,1994,73,198.171240382418,70.0,,,,,2147.74627152977,3779.496540511948,6100.032694311766,,,,,,,222,404.442651658215,0.04942182734908595,45,8.6187630961629,12.973323997208398,175,267,5.638314995910958,330,,,Perennial,Perennial,dry,138.33172862197836,116.94095967045173,0.845366141487456
fj_natveg_low_8k_update_2025-09-30,1995,,,,28.56539190319724,889.548743520926,95,76,2147.74627152977,3779.496540511948,6100.032694311766,17,2,,6,1,,171,2738.40450984598,0.047368903443397024,161,62.1426836581021,604.8430527203915,123,332,40.442203216702254,332,,,Perennial,Perennial,wet,688.4962648480827,778.8038913050343,1.1311664725978987
fj_natveg_low_8k_update_2025-09-30,1996,74,2078.44246421384,3.0,971.3729899013804,1242.63340610281,119,89,2147.74627152977,3779.496540511948,6100.032694311766,12,,,3,,,208,1919.72899176558,0.05145750467847576,92,633.707552820825,1662.57008168848,267,300,9.76604885809625,332,,,Perennial,Perennial,wet,673.4032590401052,675.3857098528304,1.0029439281531707
fj_natveg_low_8k_update_2025-09-30,1997,50,1752.69879267459,49.0,,,,201,2147.74627152977,3779.496540511948,6100.032694311766,15,7,4,2,2,1,124,1805.63482417492,0.02634538216537568,38,178.05820314331902,645.9441052904474,304,162,52.770266860243936,299,,,Perennial,Perennial,wet,723.8963605489373,1243.96405471916,1.718428386317415
fj_natveg_low_8k_update_2025-09-30,1998,58,282.499554139048,5.0,900.6447671365569,1287.05625268982,120,100,2147.74627152977,3779.496540511948,6100.032694311766,9,2,,2,1,,220,1860.03535163597,0.045525860882052856,113,548.743366607855,1411.9117025461383,183,333,43.6776935133188,333,,,Perennial,Perennial,wet,752.3933842427261,747.2395475769898,0.993150077109033
fj_natveg_low_8k_update_2025-09-30,1999,55,1549.74458532654,53.0,793.9010163573233,1039.860636029935,90,150,2147.74627152977,3779.496540511948,6100.032694311766,,,,,,,240,1658.0993020993,0.04695171761458738,76,59.2229046138334,241.439869594721,151,316,23.410076246881882,331,,,Perennial,Perennial,wet,662.5451807084526,523.2615664500041,0.7897749190334251
fj_natveg_low_8k_update_2025-09-30,2000,62,284.039077417261,7.0,725.3242211319246,950.9829798126175,96,101,2147.74627152977,3779.496540511948,6100.032694311766,,,,,,,197,1554.97761401344,0.04287546865491028,114,67.55564956432,138.9474406398784,209,311,10.16929961055593,332,,,Perennial,Perennial,moderate,471.7559039325056,427.1926530481596,0.9055374813269499
fj_natveg_low_8k_update_2025-09-30,2001,,,,180.91341684013042,221.694820175438,74,154,2147.74627152977,3779.496540511948,6100.032694311766,,,,,,,228,356.813347774931,0.061138644094984027,33,9.27801598731782,101.86541214167539,195,261,5.838065214719532,330,,,Perennial,Perennial,dry,109.968991861204,109.18138030682756,0.9928378760135356
fj_natveg_low_8k_update_2025-09-30,2002,75,218.714558633322,5.0,486.67822398483804,596.231824646008,107,90,2147.74627152977,3779.496540511948,6100.032694311766,,,,,,,197,1326.55262151667,0.04664993821706877,95,13.0608014922861,73.23847674743604,150,292,7.92942307821192,330,,,Perennial,Perennial,moderate,321.4143373886572,335.5524749388685,1.0439872647408237
fj_natveg_low_8k_update_2025-09-30,2003,,,,798.450248459676,1089.55597462649,166,76,2147.74627152977,3779.496540511948,6100.032694311766,7,,,4,,,242,1542.67564357605,0.043947154430060975,80,64.6233652859127,417.5246961078889,144,322,48.83394625786334,331,,,Perennial,Perennial,wet,671.9891479946137,637.5059499640536,0.9486848885380563
fj_natveg_low_8k_update_2025-09-30,2004,67,533.447701566737,9.0,605.4621547973641,957.4533093500729,96,100,2147.74627152977,3779.496540511948,6100.032694311766,1,,,1,,,196,1053.8456528021,0.0430152533375781,98,38.6599707822287,389.8402257876646,187,294,9.31230899282888,331,,,Perennial,Perennial,moderate,440.7341102837586,436.11743534424284,0.9895250337294216
fj_natveg_low_8k_update_2025-09-30,2005,35,64.2824009521258,34.0,618.1607408237844,780.2264294029701,116,115,2147.74627152977,3779.496540511948,6100.032694311766,,,,,,,231,1523.26197775226,0.045710102317676256,80,39.9252086405682,658.4061729711702,133,311,10.436881433153557,331,,,Perennial,Perennial,dry,430.72941787786596,385.7612618093806,0.89559998875852
fj_natveg_low_8k_update_2025-09-30,2006,36,96.2482522544148,35.0,1808.94181382578,2481.14922015751,47,78,2147.74627152977,3779.496540511948,6100.032694311766,40,6,2,4,1,1,125,3415.99732111194,0.04074655364793897,35,199.08234652283,1378.3270702453622,277,160,20.203733513068542,331,,,Perennial,Perennial,wet,922.0859740720681,1106.411922562939,1.1999010435836697
fj_natveg_low_8k_update_2025-09-30,2007,47,383.789269362571,1.0,404.3003997661664,657.692301697029,105,71,2147.74627152977,3779.496540511948,6100.032694311766,3,1,,1,1,,176,992.304123686043,0.04180633031884684,105,13.1506844720494,107.6436118141836,147,281,8.894438563914552,330,,,Perennial,Perennial,moderate,377.29662773847696,465.37111782936995,1.2334356673655238
fj_natveg_low_8k_update_2025-09-30,2008,18,185.099410209624,17.0,243.32127318088922,552.054157490212,179,62,2147.74627152977,3779.496540511948,6100.032694311766,1,,,1,,,241,1218.17064214816,0.0525211357610228,62,82.7673400882369,234.83164609319078,207,303,10.027807147336075,332,,,Perennial,Perennial,dry,380.7474773014867,388.4028314265722,1.0201061190985221
fj_natveg_low_8k_update_2025-09-30,2009,45,182.238022985882,44.0,423.5665287599329,579.2935779924495,92,144,2147.74627152977,3779.496540511948,6100.032694311766,,,,,,,236,858.450010344733,0.056061475900471266,57,14.7990047178384,61.3682089006807,148,293,8.553292868760266,330,,,Perennial,Perennial,dry,263.80454757108765,269.14547180951513,1.0202457625829526
fj_natveg_low_8k_update_2025-09-30,2010,59,62.2442582858443,4.0,243.6521192904206,553.386305197497,173,75,2147.74627152977,3779.496540511948,6100.032694311766,,,,,,,248,2142.93689622363,0.04884970264948891,74,69.79335075289714,312.6921150098113,108,322,21.316885851144715,332,,,Perennial,Perennial,moderate,415.112897705122,416.9337484446317,1.0043863988557713
fj_natveg_low_8k_update_2025-09-30,2011,26,123.507185744977,25.0,533.7617323361,985.272581148622,201,64,2147.74627152977,3779.496540511948,6100.032694311766,,,,,,,265,1443.22533200933,0.04786751451210921,73,81.44127230766605,121.321252833236,116,338,62.32661012680643,362,,,Perennial,Perennial,moderate,662.6240345855355,470.5346549791092,0.7101080407888068
fj_natveg_low_8k_update_2025-09-30,2012,,,,200.437264832954,500.41782017239,141,88,2147.74627152977,3779.496540511948,6100.032694311766,1,,,1,,,229,1396.20655086441,0.04652510864082858,77,42.70355571433325,549.7590515750915,176,306,10.398816858602386,332,,,Perennial,Perennial,moderate,374.8990085313223,448.92042415635746,1.19744361532194
fj_natveg_low_8k_update_2025-09-30,2013,52,150.428602577841,51.0,379.7768120203038,498.7162990351,105,116,2147.74627152977,3779.496540511948,6100.032694311766,1,,,1,,,221,716.768711753987,0.047370409442762135,60,28.1209510179716,56.0461255346145,161,281,9.595700201430201,330,,,Perennial,Perennial,moderate,301.4080572875145,318.10447186114334,1.055394718787169
fj_natveg_low_8k_update_2025-09-30,2014,,,,65.04863807304358,100.12853096808641,104,76,2147.74627152977,3779.496540511948,6100.032694311766,,,,,,,180,601.887770991459,0.037967888083100185,76,10.3029604274805,257.470794989976,191,256,6.568890682001608,329,,,Perennial,Perennial,dry,144.42442499214266,228.0104307348147,1.5787525603596448
fj_natveg_low_8k_update_2025-09-30,2015,54,212.078405481223,12.0,425.050991404356,576.016957320061,49,81,2147.74627152977,3779.496540511948,6100.032694311766,5,2,1,1,1,1,130,6211.26539293177,0.036515119777956066,63,47.4743444334853,1038.94502972192,329,193,8.156981670203715,330,,,Perennial,Perennial,moderate,346.9736510698809,574.0480044289932,1.654442643292759
fj_natveg_low_8k_update_2025-09-30,2016,71,275.992548848717,49.0,1288.55930458244,1735.56484390939,39,156,2147.74627152977,3779.496540511948,6100.032694311766,10,,,5,,,195,1912.96974819802,0.04457637675667644,105,38.5615135730443,525.6299744352275,135,300,10.240492238705857,332,,,Perennial,Perennial,wet,559.421545969378,656.0689518535804,1.1727631096452134
fj_natveg_low_8k_update_2025-09-30,2017,18,226.602673944959,17.0,843.7405646845123,1459.05502920157,148,69,2147.74627152977,3779.496540511948,6100.032694311766,30,3,1,5,1,1,217,2230.53484537887,0.04526752165461236,106,64.6940497986027,282.0740598177813,145,323,36.466393658188146,330,,,Perennial,Perennial,wet,971.5989353767233,917.2280029790526,0.9440397365435675
fj_natveg_low_8k_update_2025-09-30,2018,41,122.690480940621,39.0,254.716755769764,359.7815802586815,116,102,2147.74627152977,3779.496540511948,6100.032694311766,,,,,,,218,477.032235300883,0.044362323264248923,62,12.137223429602749,58.81041745275543,162,280,8.626978894562406,330,,,Perennial,Perennial,dry,224.77192828857306,219.81998042693803,0.977969011080078
fj_natveg_low_8k_update_2025-09-30,2019,,,,229.99784971402423,784.667943597009,145,76,2147.74627152977,3779.496540511948,6100.032694311766,1,,,1,,,221,1517.01344802867,0.046584974934550126,85,53.3739619795917,165.21191270569912,174,306,18.497291094786355,331,,,Perennial,Perennial,moderate,493.3919313220765,548.4590356747566,1.1116092519087697
fj_natveg_low_8k_update_2025-09-30,2020,75,192.092335504965,3.0,179.80083112494802,243.897639606266,117,114,2147.74627152977,3779.496540511948,6100.032694311766,,,,,,,231,423.904507287694,0.04966213089214597,50,11.2216743444255,40.8092250799508,161,281,8.184798626812885,331,,,Perennial,Perennial,dry,147.45317163060847,131.46171070741553,0.8915488846638453
fj_natveg_low_8k_update_2025-09-30,2021,,,,86.1885751384833,265.5952488041,142,76,2147.74627152977,3779.496540511948,6100.032694311766,,,,,,,218,388.835375556383,0.04656924764166443,48,12.5292624176628,197.3775653186176,195,266,7.656846927915684,329,,,Perennial,Perennial,dry,131.73417229650696,135.1152329716588,1.0256657829643607
fj_natveg_low_8k_update_2025-09-30,2022,38,135.875849401992,7.0,244.67793924002999,286.747328147381,143,95,2147.74627152977,3779.496540511948,6100.032694311766,,,,,,,238,320.94916599673,0.04661013902240073,52,14.82347279534245,43.64383691954615,152,290,9.957582928161386,330,,,Perennial,Perennial,moderate,170.93443657313495,124.41040369544264,0.7278252772794157
fj_natveg_low_8k_update_2025-09-30,2023,,,,366.9715401403555,685.4326672870329,166,76,2147.74627152977,3779.496540511948,6100.032694311766,,,,,,,242,1682.17920438317,0.05340421917160294,65,48.0807471273994,107.99773944476549,137,307,18.451943220559528,330,,,Perennial,Perennial,wet,458.3210143378326,510.1100117584562,1.1129972133078967
fj_natveg_low_8k_update_2025-09-30,2024,,,,394.842138782407,898.8476797696885,152,78,2147.74627152977,3779.496540511948,6100.032694311766,1,,,1,,,230,1743.43421056635,0.05328510012209672,69,45.8342642766073,1171.47230890534,191,299,10.425810448617613,332,,,Perennial,Perennial,unknown,509.01888064269144,519.7613999290744,1.021104363108927
fj_natveg_low_8k_update_2025-09-30,2025,49,110.218660853081,48.0,1112.575447769848,1373.06101580528,75,124,2147.74627152977,3779.496540511948,6100.032694311766,14,,,3,,,199,1843.67820291916,0.04116263858315688,108,54.2544620754772,1247.171095540933,183,307,,,,,,,unknown,728.8945285719819,736.2062558685606,1.0100312555657447
fj_natveg_low_all_update_2025-09-30,1991,,,,,,,,2324.93904257709,3867.7755232060435,6122.442221032502,,,,,,,247,429.639257658048,0.024236162717646156,53,74.8852372621099,147.13336486330363,199,300,59.32981614723366,370,,,Perennial,Perennial,dry,189.64130605277856,120.77934489493511,0.6368831105883722
fj_natveg_low_all_update_2025-09-30,1992,68,165.940766145467,3.0,315.9527042949342,415.688656336595,88,133,2324.93904257709,3867.7755232060435,6122.442221032502,,,,,,,221,517.080293612244,0.03048813624439331,43,90.02602051299675,211.73631712737088,212,264,60.357273837870466,367,,,Perennial,Perennial,dry,208.34494821157318,187.97756620521568,0.9022420165154447
fj_natveg_low_all_update_2025-09-30,1993,72,272.018937639887,11.0,556.6588017380839,1036.95586163169,134,110,2324.93904257709,3867.7755232060435,6122.442221032502,5,,,2,,,244,2755.36474641935,0.031234824822280512,81,106.329093646329,190.1621347335422,153,325,89.16344693140107,368,,,Perennial,Perennial,moderate,569.2831275466201,569.0390538909087,0.9995712613919135
fj_natveg_low_all_update_2025-09-30,1994,,,,237.610713357267,293.663448129862,111,112,2324.93904257709,3867.7755232060435,6122.442221032502,,,,,,,223,569.771084371172,0.02789290229429984,58,61.583391710611,88.4163052472497,161,281,52.93717712493426,373,,,Perennial,Perennial,dry,193.2074348201657,116.52282241553976,0.603096990154635
fj_natveg_low_all_update_2025-09-30,1995,,,,76.00522066425646,963.577358960671,95,76,2324.93904257709,3867.7755232060435,6122.442221032502,15,2,,6,1,,171,2756.41989470923,0.034646908774293245,170,115.820265937584,660.928241017765,114,341,100.41192211829727,368,,,Perennial,Perennial,wet,767.3644644649537,784.1170961152262,1.0218313883767778
fj_natveg_low_all_update_2025-09-30,1996,67,441.052802636261,13.0,969.5648299150384,1236.86033686661,146,89,2324.93904257709,3867.7755232060435,6122.442221032502,9,,,2,,,235,1680.38391953575,0.02628861631183762,90,695.3455637318909,1781.0079737275462,242,325,80.595917253696,368,,,Perennial,Perennial,wet,737.8461220144139,650.4213954751268,0.8815136057087263
fj_natveg_low_all_update_2025-09-30,1997,50,1957.0910099833,45.0,,,,201,2324.93904257709,3867.7755232060435,6122.442221032502,14,7,4,2,2,1,124,1812.63297309805,0.026221729273235926,38,220.057558243413,706.4510986009428,295,162,85.85672821316444,365,,,Perennial,Perennial,wet,781.6732091389439,1240.9097433874745,1.5875045081235482
fj_natveg_low_all_update_2025-09-30,1998,,,,877.936430921808,1258.63851173534,163,91,2324.93904257709,3867.7755232060435,6122.442221032502,9,2,,2,1,,254,1662.84552791453,0.0321730422405915,77,216.752530518479,938.8028940237018,143,331,123.86179393063014,367,,,Perennial,Perennial,wet,800.452416918376,738.0628314383599,0.9220570965102376
fj_natveg_low_all_update_2025-09-30,1999,55,1585.19617816875,46.0,896.4621208944492,1100.96851820501,132,108,2324.93904257709,3867.7755232060435,6122.442221032502,,,,,,,240,1853.29204871661,0.03139304342827102,77,140.25820744185899,258.1380504952572,150,317,98.53312579155349,370,,,Perennial,Perennial,wet,728.5561521215216,506.5924420797327,0.695337539329754
fj_natveg_low_all_update_2025-09-30,2000,62,306.43091410585,2.0,751.7887626382519,972.7577826211525,136,101,2324.93904257709,3867.7755232060435,6122.442221032502,,,,,,,237,1213.9153065503,0.025098360365119775,85,110.14049036676,143.98765860348902,198,322,75.52881728460717,368,,,Perennial,Perennial,moderate,526.0362143944108,415.10982783713484,0.7891278518058347
fj_natveg_low_all_update_2025-09-30,2001,,,,211.7195402082522,313.5115477086805,74,154,2324.93904257709,3867.7755232060435,6122.442221032502,,,,,,,228,611.30632341184,0.03419899000843245,46,70.0676382164431,209.64371793699286,184,274,52.10134938181435,380,,,Perennial,Perennial,dry,162.63279123152432,114.77740866028175,0.7057457957349108
fj_natveg_low_all_update_2025-09-30,2002,68,210.507282933481,10.0,504.7144461364094,644.961486949843,105,92,2324.93904257709,3867.7755232060435,6122.442221032502,,,,,,,197,1401.3079670201,0.030426598633164274,106,80.6518934529206,142.21070223161328,139,303,62.85995151651177,388,,,Perennial,Perennial,moderate,399.2296759259937,332.04245237969667,0.8317078423830604
fj_natveg_low_all_update_2025-09-30,2003,,,,820.0078497182445,1122.49994001443,166,76,2324.93904257709,3867.7755232060435,6122.442221032502,3,,,2,,,242,1655.01306998915,0.033495865990196244,92,125.05641442553,424.129789520089,132,334,95.26778035420409,369,,,Perennial,Perennial,wet,747.7360127572898,631.0741464422865,0.8439798748159654
fj_natveg_low_all_update_2025-09-30,2004,67,553.958778834838,9.0,631.7913888119693,951.598452326618,117,100,2324.93904257709,3867.7755232060435,6122.442221032502,1,,,1,,,217,1138.28020076056,0.025673918363337503,95,98.7507909633026,430.0248823745168,169,312,73.05608408439734,365,,,Perennial,Perennial,moderate,500.41706528654515,416.74639273122125,0.8327981230867636
fj_natveg_low_all_update_2025-09-30,2005,70,1359.16158805186,10.0,643.3880223530205,806.009630819503,116,115,2324.93904257709,3867.7755232060435,6122.442221032502,,,,,,,231,1641.28437066521,0.03172311316560755,87,90.9991562116004,208.5813518033654,107,318,75.67077021651434,388,,,Perennial,Perennial,dry,496.8354502865118,383.33446819846176,0.7715521667735323
fj_natveg_low_all_update_2025-09-30,2006,36,143.046676418491,9.0,727.504063898587,2197.19855611487,66,59,2324.93904257709,3867.7755232060435,6122.442221032502,35,6,2,5,1,1,125,3421.51809893542,0.04027325714750364,35,261.49946274525,1445.5992133379282,277,160,89.65954909843134,374,,,Perennial,Perennial,wet,986.3876385041394,1094.6504891581942,1.1097569012708186
fj_natveg_low_all_update_2025-09-30,2007,47,474.022640922422,1.0,441.0770692076224,696.5978242676645,118,71,2324.93904257709,3867.7755232060435,6122.442221032502,3,1,,1,1,,189,927.714865256241,0.03190075183924959,92,97.4720546458219,153.317521344681,148,281,66.86550883534834,366,,,Perennial,Perennial,moderate,440.54281501843985,454.00080081438233,1.0305486443931202
fj_natveg_low_all_update_2025-09-30,2008,18,350.275000717848,14.0,264.4807236433877,579.7017607697815,178,63,2324.93904257709,3867.7755232060435,6122.442221032502,1,,,1,,,241,1345.72055611758,0.033433070475949116,67,101.232835720901,172.44688938659877,145,308,73.46589537703339,380,,,Perennial,Perennial,dry,449.3592492695499,398.3738369674951,0.886537525632479
fj_natveg_low_all_update_2025-09-30,2009,44,272.501882057234,3.0,227.5759020175748,483.733888167664,149,87,2324.93904257709,3867.7755232060435,6122.442221032502,,,,,,,236,996.794072926508,0.036865823343294434,56,76.55574770764994,105.93427730687269,150,292,62.64814467894946,369,,,Perennial,Perennial,dry,321.8681695049169,282.948918493858,0.8790832561327119
fj_natveg_low_all_update_2025-09-30,2010,,,,278.2044045242921,573.968870141716,172,76,2324.93904257709,3867.7755232060435,6122.442221032502,1,,,1,,,248,2363.91883221891,0.03026347674683752,87,106.126287727883,366.48151194419285,95,335,85.07544726609066,360,,,Perennial,Perennial,moderate,476.821464635048,430.3720779356191,0.9025853696939156
fj_natveg_low_all_update_2025-09-30,2011,25,242.89202585881,24.0,554.8502534539011,1043.2208429216798,208,64,2324.93904257709,3867.7755232060435,6122.442221032502,,,,,,,272,1596.83440453954,0.03074560435317625,74,115.4252505443925,136.6488437228037,108,346,100.07949478989036,365,,,Perennial,Perennial,moderate,720.479321830934,470.61825012051486,0.6532016060149316
fj_natveg_low_all_update_2025-09-30,2012,,,,205.065072068851,490.172479465836,141,88,2324.93904257709,3867.7755232060435,6122.442221032502,1,,,1,,,229,1506.48464989852,0.03236946251525456,87,79.5922000346398,106.0285094268176,109,316,67.83293159249044,371,,,Perennial,Perennial,moderate,423.8918269565795,451.10854649528625,1.0642067570259963
fj_natveg_low_all_update_2025-09-30,2013,56,120.627789676125,1.0,389.39256538198583,529.703284180128,162,59,2324.93904257709,3867.7755232060435,6122.442221032502,1,,,1,,,221,881.263285072727,0.02774931004729349,69,80.1281205394755,95.08917257327424,185,290,67.27790041092784,364,,,Perennial,Perennial,moderate,357.5327866521998,317.05384295885415,0.8867825687474008
fj_natveg_low_all_update_2025-09-30,2014,,,,91.60255552390149,412.116929305389,83,109,2324.93904257709,3867.7755232060435,6122.442221032502,,,,,,,192,428.308826635953,0.021220726033051255,26,102.77678150715,708.7940877708213,275,218,59.178720406924484,367,,,Perennial,Perennial,dry,188.52431718566123,215.6791239288783,1.1440387486802281
fj_natveg_low_all_update_2025-09-30,2015,54,359.986072207225,12.0,1233.092094341976,2144.07603946744,3,127,2324.93904257709,3867.7755232060435,6122.442221032502,4,2,1,1,1,1,130,6247.69549633217,0.03615257112724239,63,96.8727414530071,358.04311319496526,279,193,60.320398388961806,375,,,Perennial,Perennial,moderate,410.0057275409455,564.3235977333555,1.3763797913701072
fj_natveg_low_all_update_2025-09-30,2016,71,332.801982103593,13.0,983.8292985120264,1363.42726463432,89,106,2324.93904257709,3867.7755232060435,6122.442221032502,9,,,4,,,195,1932.67688544236,0.03248418516092709,104,118.792125940635,594.336665506654,136,299,75.33916327677815,360,,,Perennial,Perennial,wet,626.8825128598311,640.8451194029974,1.0222730834833293
fj_natveg_low_all_update_2025-09-30,2017,18,316.904479933697,17.0,892.2855934088383,1478.886237824325,148,69,2324.93904257709,3867.7755232060435,6122.442221032502,25,3,1,6,1,1,217,2337.50006898431,0.04054787723057243,95,107.264176156559,155.8607250558386,103,312,93.90742003524733,379,,,Perennial,Perennial,wet,1039.7265187844755,895.381930612451,0.8611706198080097
fj_natveg_low_all_update_2025-09-30,2018,44,184.454925715916,1.0,208.31325053752138,345.401172057524,169,49,2324.93904257709,3867.7755232060435,6122.442221032502,,,,,,,218,585.898360766377,0.030013736162202664,63,72.9672870831886,111.033894212989,161,281,60.41780625972632,369,,,Perennial,Perennial,dry,274.6317788369444,218.34831002610687,0.7950584267807754
fj_natveg_low_all_update_2025-09-30,2019,,,,285.60911518345716,802.649812225595,145,76,2324.93904257709,3867.7755232060435,6122.442221032502,1,,,1,,,221,1630.89621810025,0.031256055535060355,91,89.1230318411249,180.8777052921018,169,312,79.70948875484042,367,,,Perennial,Perennial,moderate,560.128392305088,547.2859360427166,0.97707229906786
fj_natveg_low_all_update_2025-09-30,2020,69,198.514254520068,22.0,223.34404822070502,284.2936700056,129,115,2324.93904257709,3867.7755232060435,6122.442221032502,,,,,,,244,482.6793938531,0.027545412140109346,46,66.22355090518349,94.2198055895792,152,290,57.160178314946194,391,,,Perennial,Perennial,dry,204.79520272447053,140.04796632578933,0.6838439790711724
fj_natveg_low_all_update_2025-09-30,2021,,,,106.96625361656,308.874251699764,151,76,2324.93904257709,3867.7755232060435,6122.442221032502,,,,,,,227,487.070960682807,0.024857532735016036,52,87.0098577700121,256.4020006877814,183,279,61.24260167292239,371,,,Perennial,Perennial,dry,196.3349682595194,147.39135637641647,0.7507137301267276
fj_natveg_low_all_update_2025-09-30,2022,28,148.916754717295,12.0,268.2371623224059,321.580199035772,152,96,2324.93904257709,3867.7755232060435,6122.442221032502,,,,,,,248,469.421025397706,0.02764940666847565,47,68.6200843036012,108.3741880701604,147,295,60.32481797746577,390,,,Perennial,Perennial,moderate,235.2391719276875,121.17262762253242,0.5151039541143295
fj_natveg_low_all_update_2025-09-30,2023,,,,374.23439578873797,731.9377099521726,166,76,2324.93904257709,3867.7755232060435,6122.442221032502,,,,,,,242,1821.82480045301,0.031139023218922313,81,95.96555303343875,187.34242576506713,132,323,83.63367052442827,367,,,Perennial,Perennial,wet,523.9600150086791,526.1054073492865,1.0040945726375168
fj_natveg_low_all_update_2025-09-30,2024,68,206.096423832117,5.0,583.393553580632,946.752699643838,141,89,2324.93904257709,3867.7755232060435,6122.442221032502,,,,,,,230,1936.72213147175,0.03221005989119963,78,108.896923615269,1300.9926627470356,182,308,77.02677576059172,371,,,Perennial,Perennial,unknown,572.0958999848434,519.0866237366432,0.9073419749213295
fj_natveg_low_all_update_2025-09-30,2025,49,173.482200970369,41.0,1154.76377107956,1526.48536074704,98,124,2324.93904257709,3867.7755232060435,6122.442221032502,10,,,3,,,222,1839.65543729106,0.03156157409790829,83,130.929919963696,1272.0951246313894,185,305,,,,,,,unknown,803.0114032038298,725.6436444590723,0.9036529762390945
fj_reservoir_etna_update_2025-09-30,1991,,,,,,,,2067.83314537359,3629.2736703920637,6025.666791105685,,,,,,,237,375.917756849127,0.04562982443329063,45,25.19421919431695,336.03773953744553,276,282,6.9935989483020435,330,,,Perennial,Perennial,dry,140.52904823715383,112.54663793915157,0.8008781056370655
fj_reservoir_etna_update_2025-09-30,1992,68,102.075564655265,67.0,469.1647896964,596.174152198322,21,192,2067.83314537359,3629.2736703920637,6025.666791105685,,,,,,,213,534.409086146482,0.04836560361592625,51,10.469988378531351,132.43153760671422,212,264,6.437204987295757,332,,,Perennial,Perennial,dry,140.38503588012549,179.2780679773803,1.2770454261981703
fj_reservoir_etna_update_2025-09-30,1993,73,92.5278521110802,21.0,494.25937554781024,976.850278366722,133,110,2067.83314537359,3629.2736703920637,6025.666791105685,5,,,2,,,243,2415.61925911716,0.05421095634543679,64,,,,307,11.855871689719429,333,,,Perennial,Perennial,moderate,470.6425038900873,558.9353405328451,1.1876006436158546
fj_reservoir_etna_update_2025-09-30,1994,73,204.624186438654,72.0,,,,,2067.83314537359,3629.2736703920637,6025.666791105685,,,,,,,222,352.341615834206,0.05617981080666462,36,7.075299616705095,10.356006776440992,184,258,4.7903359243986054,331,,,Perennial,Perennial,dry,133.137820884836,112.79329695321452,0.8471920015183404
fj_reservoir_etna_update_2025-09-30,1995,,,,13.035299806804,991.3319893871335,114,76,2067.83314537359,3629.2736703920637,6025.666791105685,17,2,,6,1,,190,1654.67941996048,0.05054607939022114,135,70.77502287297435,561.5915740106041,130,325,24.532433287451912,332,,,Perennial,Perennial,wet,656.5597937763112,756.4116685193254,1.1520834441729972
fj_reservoir_etna_update_2025-09-30,1996,74,1878.70614238061,3.0,958.1987226709039,1238.43950331067,119,89,2067.83314537359,3629.2736703920637,6025.666791105685,14,,,3,,,208,1916.05548982669,0.06008621817569454,83,607.899336848669,1584.150271367485,278,291,8.23528756444861,332,,,Perennial,Perennial,wet,654.8513432191294,669.6028161640393,1.0225264452728986
fj_reservoir_etna_update_2025-09-30,1997,50,1493.28415825809,49.0,,,,203,2067.83314537359,3629.2736703920637,6025.666791105685,16,8,4,3,2,1,124,1789.87258862329,0.02641469631537911,38,179.383318572344,633.7605411703499,305,162,35.85507090948572,299,,,Perennial,Perennial,wet,697.2575890266389,1238.3025447988614,1.7759613725072725
fj_reservoir_etna_update_2025-09-30,1998,58,294.252765718792,5.0,910.0248739833776,1281.56688611796,119,101,2067.83314537359,3629.2736703920637,6025.666791105685,10,3,,2,1,,220,1815.59997733442,0.05156442989605135,106,540.311581183954,1396.819938832105,190,326,25.206152813160728,331,,,Perennial,Perennial,wet,733.8938707797009,733.370020220894,0.9992862039326608
fj_reservoir_etna_update_2025-09-30,1999,55,1426.15306129059,54.0,765.3472444509347,1033.7247126801099,90,150,2067.83314537359,3629.2736703920637,6025.666791105685,2,,,2,,,240,1587.36075469926,0.06187499783218387,63,88.712331258848,731.3537140873307,198,303,11.591840485932055,332,,,Perennial,Perennial,wet,639.7423778956152,520.7179540634576,0.8139494459884312
fj_reservoir_etna_update_2025-09-30,2000,62,288.983846049381,61.0,877.1581880403949,968.2738622155805,62,135,2067.83314537359,3629.2736703920637,6025.666791105685,,,,,,,197,1550.10643804047,0.048565789241376986,106,65.995166377409,147.876602898758,201,303,9.846757936434901,333,,,Perennial,Perennial,moderate,456.38137983249663,419.3122171222016,0.9187759090348946
fj_reservoir_etna_update_2025-09-30,2001,,,,157.5956120134652,204.972875855795,90,138,2067.83314537359,3629.2736703920637,6025.666791105685,,,,,,,228,276.854827557516,0.08284106440354908,24,10.24793167498685,653.9266628115975,304,252,5.01245098940046,330,,,Perennial,Perennial,dry,105.4776578257796,107.18882374115967,1.0162230177523135
fj_reservoir_etna_update_2025-09-30,2002,68,47.8149020763761,67.0,840.1742779104189,895.440243598492,7,190,2067.83314537359,3629.2736703920637,6025.666791105685,,,,,,,197,1299.43308286352,0.04996125573790543,87,9.560709690377145,70.86963388986455,158,284,6.635742490638113,331,,,Perennial,Perennial,moderate,287.43540997682516,313.60368224406756,1.0910405307034101
fj_reservoir_etna_update_2025-09-30,2003,,,,773.5275559312586,1080.19887544856,166,76,2067.83314537359,3629.2736703920637,6025.666791105685,8,,,5,,,242,1502.69948167538,0.0527982243424631,63,70.493870712342,405.089858324153,161,305,35.213434653426624,330,,,Perennial,Perennial,wet,645.6546679009301,622.5695469973291,0.9642454053981327
fj_reservoir_etna_update_2025-09-30,2004,67,545.502673704082,11.0,574.0130706980078,886.483152506512,83,100,2067.83314537359,3629.2736703920637,6025.666791105685,2,,,1,,,183,1043.88348340495,0.046419313005621965,102,14.4240160923242,365.3795071407984,195,285,7.822135509008162,331,,,Perennial,Perennial,moderate,422.3740574154871,424.68453822743083,1.0054702242511806
fj_reservoir_etna_update_2025-09-30,2005,70,1131.37115597346,11.0,602.3790699433969,759.310786658473,117,114,2067.83314537359,3629.2736703920637,6025.666791105685,,,,,,,231,1481.14486417916,0.05293226424871019,74,15.8994027856422,621.798220985106,139,305,9.016994179380692,331,,,Perennial,Perennial,dry,407.22490396010426,376.3406012750301,0.9241591013105135
fj_reservoir_etna_update_2025-09-30,2006,36,105.347386783813,35.0,1767.0250210649522,2417.81028077428,47,78,2067.83314537359,3629.2736703920637,6025.666791105685,45,7,2,3,2,1,125,3408.73983010478,0.04086129683100549,35,191.60659125582,1346.328581487736,277,160,13.260995100516086,336,,,Perennial,Perennial,wet,899.2640876504906,1098.9524904785635,1.222057575266682
fj_reservoir_etna_update_2025-09-30,2007,47,398.116511414666,1.0,391.8924665267004,622.786369504429,105,71,2067.83314537359,3629.2736703920637,6025.666791105685,3,2,,1,1,,176,987.486696308895,0.055536557121499186,94,10.2343130478824,31.60313158058558,143,270,7.481333734798368,330,,,Perennial,Perennial,moderate,360.46967240055505,452.0244710955119,1.2539875215721916
fj_reservoir_etna_update_2025-09-30,2008,19,45.487726846972,18.0,197.0731859986327,487.9340445987075,194,47,2067.83314537359,3629.2736703920637,6025.666791105685,1,,,1,,,241,1170.08289748494,0.06740328342950914,52,48.4500469851823,238.1724078465542,217,293,9.683569725511212,332,,,Perennial,Perennial,dry,357.28953270860734,376.3594279879362,1.0533737866171455
fj_reservoir_etna_update_2025-09-30,2009,45,180.305861105997,44.0,403.301062955486,553.0273749357295,92,144,2067.83314537359,3629.2736703920637,6025.666791105685,,,,,,,236,806.94487682356,0.058926785938796855,50,10.7022859267021,85.9103985655133,171,286,7.382135431449685,330,,,Perennial,Perennial,dry,250.2317625333722,256.2163847322345,1.0239163171704238
fj_reservoir_etna_update_2025-09-30,2010,71,86.4442059126273,6.0,406.22844895881843,550.118921926368,157,91,2067.83314537359,3629.2736703920637,6025.666791105685,1,,,1,,,248,2067.83314537359,0.058541684750148607,65,115.5740728446385,823.0207793707881,160,313,9.64990465307944,332,,,Perennial,Perennial,moderate,393.52114509324616,406.93998286570485,1.034099407210454
fj_reservoir_etna_update_2025-09-30,2011,39,395.893481753443,38.0,537.8809470604444,1028.767947688385,158,107,2067.83314537359,3629.2736703920637,6025.666791105685,,,,,,,265,1390.87693819885,0.04834177103555218,72,90.35367644921709,131.3921149706485,116,337,49.80858318014826,337,,,Perennial,Perennial,moderate,639.4739585312526,461.00831690529344,0.7209180463957281
fj_reservoir_etna_update_2025-09-30,2012,,,,207.2349290412581,481.940830923646,142,87,2067.83314537359,3629.2736703920637,6025.666791105685,1,,,1,,,229,1346.3162867519,0.058823067423895224,66,82.6389769968425,508.356344718422,241,295,8.281766874353096,332,,,Perennial,Perennial,moderate,360.15243077389573,433.6091149279291,1.2039599843771418
fj_reservoir_etna_update_2025-09-30,2013,64,1445.70949809934,6.0,481.643783075625,591.507793117877,51,170,2067.83314537359,3629.2736703920637,6025.666791105685,,,,,,,221,659.607631887363,0.05832962901631303,47,10.91529937790745,69.89437971998976,174,268,7.981965731884911,330,,,Perennial,Perennial,moderate,282.73637867621045,301.64558346002644,1.066879277694473
fj_reservoir_etna_update_2025-09-30,2014,,,,82.16443984084464,119.3822405619745,104,76,2067.83314537359,3629.2736703920637,6025.666791105685,,,,,,,180,576.520681802897,0.04181241769937315,67,8.28831141549062,208.9793440104226,199,247,6.675894122289256,330,,,Perennial,Perennial,dry,137.46101660479877,214.2614268891485,1.5587068405375712
fj_reservoir_etna_update_2025-09-30,2015,54,105.228592168679,24.0,398.1774140916509,541.5276891470995,50,80,2067.83314537359,3629.2736703920637,6025.666791105685,5,2,1,1,1,1,130,6089.97954059956,0.036740937752115066,63,30.7367439449109,1019.850601945892,329,193,6.619820585846632,330,,,Perennial,Perennial,moderate,323.3752715595802,559.1321985723677,1.7290505729636487
fj_reservoir_etna_update_2025-09-30,2016,71,269.601779495117,70.0,1262.4755647246661,1717.27254137565,39,156,2067.83314537359,3629.2736703920637,6025.666791105685,10,,,4,,,195,1863.89830204759,0.05717063558596515,96,13.8597708949586,489.1093935506323,144,291,9.66143108470655,332,,,Perennial,Perennial,wet,531.7054832454719,639.4735633471194,1.2026837854743249
fj_reservoir_etna_update_2025-09-30,2017,18,191.687647408198,17.0,814.9483983407546,1455.153044638615,148,69,2067.83314537359,3629.2736703920637,6025.666791105685,34,3,1,7,1,1,217,2195.86148315603,0.052459572047737484,90,69.5960647948051,262.292763408185,161,307,15.647000255514843,331,,,Perennial,Perennial,wet,948.5011004592608,923.1546104449841,0.973277321447488
fj_reservoir_etna_update_2025-09-30,2018,41,132.565266974265,40.0,248.450378651221,357.827036073798,116,102,2067.83314537359,3629.2736703920637,6025.666791105685,,,,,,,218,444.959487646763,0.05853192442423691,51,9.7851464553169,55.983819671854505,173,269,7.2490035170574085,330,,,Perennial,Perennial,dry,216.30986052672577,213.9080458108514,0.988896415956139
fj_reservoir_etna_update_2025-09-30,2019,,,,222.3440897247452,746.285478654322,145,76,2067.83314537359,3629.2736703920637,6025.666791105685,2,,,1,,,221,1471.67620090062,0.056698304025004226,75,61.058678707657194,176.5697116022493,184,296,10.594168684713942,331,,,Perennial,Perennial,moderate,466.5216849631862,536.3288528125593,1.149633275578351
fj_reservoir_etna_update_2025-09-30,2020,75,191.546482750103,3.0,164.814883068551,237.32840856515,117,114,2067.83314537359,3629.2736703920637,6025.666791105685,,,,,,,231,373.933632543485,0.061486067692823713,39,9.38234712099335,15.880263789448783,172,270,6.940780982701505,331,,,Perennial,Perennial,dry,140.10047167478388,125.08316217514397,0.8928104286864952
fj_reservoir_etna_update_2025-09-30,2021,,,,70.40921728702189,248.93249538106602,142,76,2067.83314537359,3629.2736703920637,6025.666791105685,,,,,,,218,331.400557974208,0.07149227785972362,38,10.2150224111639,165.55253370244802,207,256,6.792269437509505,300,,,Perennial,Perennial,dry,113.95786692768696,126.79664395701258,1.1126624898785844
fj_reservoir_etna_update_2025-09-30,2022,35,53.4801307838894,34.0,227.5590719629617,269.0987825598145,134,97,2067.83314537359,3629.2736703920637,6025.666791105685,,,,,,,231,323.793394543265,0.03610958028790921,59,36.85889947951665,50.82972376123983,152,290,16.764101203090185,331,,,Perennial,Perennial,moderate,157.3708334663587,114.75884516034719,0.7292256298869974
fj_reservoir_etna_update_2025-09-30,2023,,,,337.332357236605,612.3564442665145,166,76,2067.83314537359,3629.2736703920637,6025.666791105685,,,,,,,242,1634.54977379217,0.06474957043489044,56,44.68115457258155,98.93070161486635,146,298,9.97221019540089,331,,,Perennial,Perennial,wet,426.25668282636104,488.9144853050235,1.146995472453828
fj_reservoir_etna_update_2025-09-30,2024,,,,394.5896920505559,872.223711344723,152,78,2067.83314537359,3629.2736703920637,6025.666791105685,,,,,,,230,1686.64311723159,0.06106864396936762,62,32.52639602123415,328.26503656238464,154,292,9.971809110007406,333,,,Perennial,Perennial,unknown,490.5887044453591,500.5721333806979,1.020349895635338
fj_reservoir_etna_update_2025-09-30,2025,54,605.545495775983,4.0,677.6759887507492,1290.99884503221,119,80,2067.83314537359,3629.2736703920637,6025.666791105685,15,,,3,,,199,1833.24034823061,0.05285800465152884,96,36.300579094096,330.642584240072,151,295,,,,,,,unknown,700.6080915261253,726.0786911400323,1.0363549892186155
fj_reservoir_french_update_2025-09-30,1991,,,,,,,,2068.90423431165,3597.433819695358,5787.024987575276,,,,,,,237,376.501916207796,0.04562034795506127,45,18.72723290126875,349.74839731751297,276,282,6.994424650522079,330,,,Perennial,Perennial,dry,141.51241170759653,114.0438477168876,0.8058928990096889
fj_reservoir_french_update_2025-09-30,1992,68,94.7116882144817,67.0,473.600009378076,611.384759575631,21,192,2068.90423431165,3597.433819695358,5787.024987575276,,,,,,,213,538.711916701259,0.04829374432968446,51,10.477680763119949,118.49588534338751,212,264,6.438920855016419,332,,,Perennial,Perennial,dry,141.8470407756357,182.99122563760434,1.2900602271079298
fj_reservoir_french_update_2025-09-30,1993,72,75.6872766701302,20.0,519.4693062945926,1004.11042171161,133,110,2068.90423431165,3597.433819695358,5787.024987575276,5,,,2,,,243,2415.98834643296,0.05420181029270901,64,,,,307,11.857068931662685,333,,,Perennial,Perennial,moderate,475.71667959671856,564.7603772777463,1.1871780021598426
fj_reservoir_french_update_2025-09-30,1994,73,186.71507256335,55.0,,,,,2068.90423431165,3597.433819695358,5787.024987575276,,,,,,,222,353.173926124407,0.056159160209786736,36,7.07707986012037,10.357913318838103,184,258,4.791187902412358,331,,,Perennial,Perennial,dry,130.01936201472813,112.07997891016221,0.8620252951054027
fj_reservoir_french_update_2025-09-30,1995,,,,13.036948519434999,981.9663680934366,114,76,2068.90423431165,3597.433819695358,5787.024987575276,15,2,,6,1,,190,1650.89396562314,0.05054947979245353,135,80.51399867137704,585.1574026523487,130,325,24.34922537411993,332,,,Perennial,Perennial,wet,653.7532011539067,745.6673589066942,1.140594581549359
fj_reservoir_french_update_2025-09-30,1996,74,1992.44511963081,3.0,964.7805263873622,1233.88199024595,119,89,2068.90423431165,3597.433819695358,5787.024987575276,12,,,3,,,208,1915.85786666258,0.060097428951332396,83,607.891836569328,1581.544952263871,278,291,8.23493605271927,332,,,Perennial,Perennial,wet,654.1905365469621,658.3094739222616,1.0062962350342772
fj_reservoir_french_update_2025-09-30,1997,50,1641.98772111154,49.0,,,,203,2068.90423431165,3597.433819695358,5787.024987575276,15,8,4,2,2,1,124,1789.80085570643,0.02641423547684783,38,192.216934150979,633.752391003044,305,162,35.85085446206254,299,,,Perennial,Perennial,wet,699.4364861472424,1233.465098511078,1.7635126604639468
fj_reservoir_french_update_2025-09-30,1998,58,314.944111281205,5.0,907.2100825005018,1257.7514759737,119,101,2068.90423431165,3597.433819695358,5787.024987575276,9,2,,2,1,,220,1815.14975620667,0.05156594900160823,106,553.225202467125,1365.827304975333,190,326,25.15864302501713,331,,,Perennial,Perennial,wet,734.2059583566135,716.5663030037737,0.9759745134834877
fj_reservoir_french_update_2025-09-30,1999,55,1502.54105615643,54.0,765.1918762665664,1018.69243619525,90,150,2068.90423431165,3597.433819695358,5787.024987575276,,,,,,,240,1587.26551954469,0.06188136130627177,63,73.28931065704815,256.69523054619333,164,303,11.591496506596899,332,,,Perennial,Perennial,wet,640.0415018912821,512.0520183348195,0.8000293993776001
fj_reservoir_french_update_2025-09-30,2000,62,307.39383961492,7.0,713.373210632205,936.0907971012875,96,101,2068.90423431165,3597.433819695358,5787.024987575276,,,,,,,197,1549.71785408572,0.04856482535410843,106,54.67563035006615,131.9098606841385,202,303,9.847087084544256,333,,,Perennial,Perennial,moderate,462.5704836449145,418.7084601027318,0.9051776429906134
fj_reservoir_french_update_2025-09-30,2001,,,,159.016364383149,199.904847183374,89,139,2068.90423431165,3597.433819695358,5787.024987575276,,,,,,,228,277.908671984115,0.08278173024393867,24,10.2539347596018,684.601211252082,304,252,5.012923953687445,330,,,Perennial,Perennial,dry,99.75780331646759,105.68853394564844,1.0594512953574815
fj_reservoir_french_update_2025-09-30,2002,68,47.8232075628182,67.0,842.7805820643388,897.627300530297,7,190,2068.90423431165,3597.433819695358,5787.024987575276,,,,,,,197,1301.43477866829,0.04996704125078706,87,9.561487716629234,27.42292245921866,158,284,6.636356176398136,331,,,Perennial,Perennial,moderate,296.2187964548069,327.1439379326413,1.1043996594677694
fj_reservoir_french_update_2025-09-30,2003,,,,770.9970393411224,1070.10429648778,166,76,2068.90423431165,3597.433819695358,5787.024987575276,7,,,4,,,242,1502.53790890025,0.05281845210206477,63,80.6071084061952,407.976570741789,161,305,35.1779418367836,330,,,Perennial,Perennial,wet,639.753085041435,622.2991886186531,0.972717761225565
fj_reservoir_french_update_2025-09-30,2004,67,549.626805505291,11.0,601.1463060465645,941.6715771595,96,100,2068.90423431165,3597.433819695358,5787.024987575276,1,,,1,,,196,1027.29262026158,0.04657328104752759,89,78.9965961080387,817.1585814744741,295,285,7.822334913087181,331,,,Perennial,Perennial,moderate,426.38628036076386,424.42877086462613,0.995409070164074
fj_reservoir_french_update_2025-09-30,2005,70,1129.56352734206,69.0,969.5652223002246,1118.12856467243,17,214,2068.90423431165,3597.433819695358,5787.024987575276,,,,,,,231,1481.24529026277,0.05293169444277644,74,14.2535627412178,632.6010592943936,139,305,9.017011054279326,331,,,Perennial,Perennial,dry,409.425793909814,381.58918634299295,0.9320106158896458
fj_reservoir_french_update_2025-09-30,2006,36,73.8988217773594,35.0,1766.86655467255,2382.95257926082,47,78,2068.90423431165,3597.433819695358,5787.024987575276,44,6,2,4,1,1,125,3406.1222939249,0.040853008378118685,35,206.670961579032,1346.274554952402,277,160,13.260471686705156,336,,,Perennial,Perennial,wet,889.5271530915625,1071.8659757050398,1.2049839872563266
fj_reservoir_french_update_2025-09-30,2007,47,427.778370912305,1.0,405.280518286147,636.230139960322,105,71,2068.90423431165,3597.433819695358,5787.024987575276,3,2,,1,1,,176,978.978068786022,0.055531394134449234,94,10.234657611124,40.82582787814358,143,270,7.481531503939105,330,,,Perennial,Perennial,moderate,366.7265721335356,457.0813396766274,1.2463818397925936
fj_reservoir_french_update_2025-09-30,2008,19,47.1950397531049,18.0,187.8041208896413,494.3188873010565,194,47,2068.90423431165,3597.433819695358,5787.024987575276,1,,,1,,,241,1170.53753294604,0.06736695829475786,52,25.6980795813967,228.5731841195766,217,293,9.684505669283569,332,,,Perennial,Perennial,dry,360.82925756074144,379.7397308116987,1.0524083700384907
fj_reservoir_french_update_2025-09-30,2009,45,140.238387902608,44.0,413.8783300570371,564.911904757801,92,144,2068.90423431165,3597.433819695358,5787.024987575276,,,,,,,236,808.577321818689,0.0589184556252668,50,15.6120638142062,505.19416972535333,258,286,7.38274321975379,330,,,Perennial,Perennial,dry,246.64418588532223,262.2126332111237,1.063121079744568
fj_reservoir_french_update_2025-09-30,2010,72,55.3809549843696,71.0,587.1925165954742,932.0057607616025,70,178,2068.90423431165,3597.433819695358,5787.024987575276,,,,,,,248,2068.41600086898,0.05853655178901984,65,97.37495974895594,860.5224335793165,160,313,9.650148492445176,332,,,Perennial,Perennial,moderate,392.7562247269798,413.4016593756182,1.0525655186317922
fj_reservoir_french_update_2025-09-30,2011,39,375.468324579092,38.0,548.1074124046021,1025.96899467006,158,107,2068.90423431165,3597.433819695358,5787.024987575276,,,,,,,265,1390.87182901674,0.0483434858649428,72,81.9926286735001,117.9547072857912,117,337,49.880410105958646,337,,,Perennial,Perennial,moderate,642.2496407911261,463.2958414353083,0.7213641114140886
fj_reservoir_french_update_2025-09-30,2012,,,,199.605068988433,499.871546420922,141,88,2068.90423431165,3597.433819695358,5787.024987575276,1,,,1,,,229,1347.59726089115,0.05879491499322559,66,22.2948022844393,514.8708216766751,187,295,8.282609509862416,332,,,Perennial,Perennial,moderate,361.4177550650788,441.23260523183814,1.220838210210197
fj_reservoir_french_update_2025-09-30,2013,52,125.733280915467,51.0,374.8415317524686,490.113008586047,105,116,2068.90423431165,3597.433819695358,5787.024987575276,1,,,1,,,221,659.580451038525,0.0583378335908734,47,10.91134814082895,43.42006373517916,174,268,7.9816379267605715,330,,,Perennial,Perennial,moderate,283.38816246607314,310.0363974884774,1.0940343971692696
fj_reservoir_french_update_2025-09-30,2014,,,,58.20071627086945,96.3235145942776,104,76,2068.90423431165,3597.433819695358,5787.024987575276,,,,,,,180,599.557370846306,0.04153327437688007,68,8.950711971561415,636.7704543617745,242,248,6.681062045398387,329,,,Perennial,Perennial,dry,133.1570859325308,225.70569878998356,1.6950333300651088
fj_reservoir_french_update_2025-09-30,2015,54,105.248240039411,53.0,703.3882134093755,919.1592332579326,6,124,2068.90423431165,3597.433819695358,5787.024987575276,5,2,1,1,1,1,130,5887.4997923392,0.03537598469517788,63,15.7850016583902,1019.526826944408,329,193,6.619886742456156,330,,,Perennial,Perennial,moderate,325.34815432862894,553.3571272624282,1.7008153262904053
fj_reservoir_french_update_2025-09-30,2016,71,235.545532899246,70.0,1256.167842060798,1680.88862498155,39,156,2068.90423431165,3597.433819695358,5787.024987575276,10,,,5,,,195,1862.00565662584,0.057167747134856915,96,14.92455735033645,503.95934989363906,144,291,9.660463318028464,332,,,Perennial,Perennial,wet,528.5032828516116,640.0109070541598,1.2109875715452392
fj_reservoir_french_update_2025-09-30,2017,18,224.436127313826,17.0,829.7703890645498,1449.4427365954848,148,69,2068.90423431165,3597.433819695358,5787.024987575276,32,3,1,6,1,1,217,2195.7828017515,0.05246324520907211,90,83.11808135291434,297.0315603569097,168,307,15.73489868296894,331,,,Perennial,Perennial,wet,944.8068002466003,902.8677632879014,0.9556109916358004
fj_reservoir_french_update_2025-09-30,2018,41,147.134496240591,40.0,255.6745054729863,367.69309766806646,100,109,2068.90423431165,3597.433819695358,5787.024987575276,,,,,,,209,594.689832610998,0.05806764345709502,60,9.78981420409488,21.256887143210943,173,269,7.251099040802018,330,,,Perennial,Perennial,dry,224.02072522577487,217.1036155802972,0.9691229030773542
fj_reservoir_french_update_2025-09-30,2019,,,,186.9715445132366,778.289722394677,145,76,2068.90423431165,3597.433819695358,5787.024987575276,2,,,1,,,221,1472.20510343291,0.056705061647771976,75,45.233831151073446,160.61265149210053,184,296,10.593597273786498,331,,,Perennial,Perennial,moderate,468.17694253651473,546.9768015166699,1.1683121312066949
fj_reservoir_french_update_2025-09-30,2020,75,168.111518655315,3.0,162.73636233166738,238.45722717374,117,114,2068.90423431165,3597.433819695358,5787.024987575276,,,,,,,231,372.704567694502,0.06159809699868967,39,9.379951732051726,13.053504435772659,172,270,6.938550751721083,331,,,Perennial,Perennial,dry,134.12821794415692,125.83624701708432,0.9381787736080645
fj_reservoir_french_update_2025-09-30,2021,,,,51.31886909073381,253.973713109433,142,76,2068.90423431165,3597.433819695358,5787.024987575276,,,,,,,218,331.860744050754,0.07148629949367365,38,10.2157307481719,161.9060164198058,207,256,6.791837580242031,300,,,Perennial,Perennial,dry,112.6625102845793,128.4516033412689,1.1401450492875334
fj_reservoir_french_update_2025-09-30,2022,35,53.4777601233892,34.0,228.956850179991,269.67359211521796,134,97,2068.90423431165,3597.433819695358,5787.024987575276,,,,,,,231,325.209684348924,0.03616691942883834,60,34.0386039769351,49.716613230871,151,291,16.77159850450804,331,,,Perennial,Perennial,moderate,156.466337427309,115.61621147055872,0.7389206737472946
fj_reservoir_french_update_2025-09-30,2023,,,,347.343325453949,651.011576040181,166,76,2068.90423431165,3597.433819695358,5787.024987575276,,,,,,,242,1635.39401504444,0.06466652849595327,56,35.43380491813945,77.52704818803886,146,298,9.975528244241383,331,,,Perennial,Perennial,wet,434.9182281418657,495.32878705042907,1.138900958846126
fj_reservoir_french_update_2025-09-30,2024,,,,387.13061151902303,881.8531708027075,152,78,2068.90423431165,3597.433819695358,5787.024987575276,1,,,1,,,230,1686.69224712678,0.06107352402865175,62,29.182090130423,314.5687695090231,153,292,9.971482297524158,333,,,Perennial,Perennial,unknown,490.23298734431364,510.62491913926027,1.0415964088940928
fj_reservoir_french_update_2025-09-30,2025,54,622.736585633925,4.0,677.8599520055648,1258.4104582825648,120,79,2068.90423431165,3597.433819695358,5787.024987575276,13,,,2,,,199,1832.52547146943,0.05287446466420088,96,35.20057382021305,317.98335853517733,150,295,,,,,,,unknown,694.1165617462849,718.1992755178795,1.0346954893440468
fj_reservoir_shackleford_update_2025-09-30,1991,,,,,,,,2083.40797612534,3657.732877468569,6090.283066890497,,,,,,,237,376.491235973508,0.04562131271664653,45,11.5622046021002,74.3628499588538,171,282,6.992828074904912,330,,,Perennial,Perennial,dry,140.11045580557905,108.35168751132134,0.773330490492965
fj_reservoir_shackleford_update_2025-09-30,1992,,,,114.3808826287765,306.625214257916,126,87,2083.40797612534,3657.732877468569,6090.283066890497,,,,,,,213,539.138512970924,0.04801546465148698,51,16.6572829195623,28.3516849520487,171,264,6.528070652548842,332,,,Perennial,Perennial,dry,139.62626657430314,178.14498882930607,1.2758701725688906
fj_reservoir_shackleford_update_2025-09-30,1993,23,32.0177021435087,22.0,120.7208188902329,697.9022802079,174,69,2083.40797612534,3657.732877468569,6090.283066890497,6,,,3,,,243,2416.55710058573,0.05406667432326982,64,,,,307,12.032294317252756,333,,,Perennial,Perennial,moderate,472.0490538801944,567.660772492884,1.2025461502925834
fj_reservoir_shackleford_update_2025-09-30,1994,74,175.149748090284,73.0,,,,,2083.40797612534,3657.732877468569,6090.283066890497,,,,,,,222,353.570549888127,0.05985108904979091,37,12.8878742752009,25.792220226544877,205,259,4.871282827865767,331,,,Perennial,Perennial,dry,131.9432205750246,107.8829339503276,0.8176466625580355
fj_reservoir_shackleford_update_2025-09-30,1995,34,30.4417969925748,33.0,822.8351198675114,1243.9676383564,97,98,2083.40797612534,3657.732877468569,6090.283066890497,15,2,,4,1,,195,1566.57128831622,0.0504442335051111,130,77.66201234272259,571.1156862207746,130,325,24.591360608655286,332,,,Perennial,Perennial,wet,657.783172111762,753.8642189629157,1.1460679611834594
fj_reservoir_shackleford_update_2025-09-30,1996,74,1614.61803690216,3.0,966.1411220206496,1239.19664322629,119,89,2083.40797612534,3657.732877468569,6090.283066890497,14,,,3,,,208,1916.49549259022,0.06000652702146959,83,582.8468097844091,1592.2254522293151,276,291,8.327215589237177,332,,,Perennial,Perennial,wet,655.0977967575191,667.7059605938479,1.0192462314767876
fj_reservoir_shackleford_update_2025-09-30,1997,52,1242.28761665743,51.0,,,,201,2083.40797612534,3657.732877468569,6090.283066890497,16,8,4,3,2,1,124,1790.63426549262,0.026397798936792914,38,175.112451060863,634.3171232076486,305,162,35.99604054280118,299,,,Perennial,Perennial,wet,694.7957578944853,1235.4286346598053,1.7781176995145427
fj_reservoir_shackleford_update_2025-09-30,1998,61,273.679548534166,1.0,907.4457833770618,1267.49202948754,119,101,2083.40797612534,3657.732877468569,6090.283066890497,10,3,,2,1,,220,1815.72464137797,0.05155748567861656,106,541.0144820222636,1359.2660851317737,190,326,25.201552505586626,331,,,Perennial,Perennial,wet,733.3556925404475,734.8923968099789,1.0020954419324244
fj_reservoir_shackleford_update_2025-09-30,1999,55,1251.18548211037,54.0,765.481186769196,1033.886019777765,90,150,2083.40797612534,3657.732877468569,6090.283066890497,2,,,2,,,240,1587.47855200205,0.0618396107049617,63,67.2013707019479,226.9615445314786,155,303,11.634904643340585,332,,,Perennial,Perennial,wet,638.6662338157471,518.2049194457563,0.8113861231549883
fj_reservoir_shackleford_update_2025-09-30,2000,,,,589.8126482398626,927.058028803857,105,92,2083.40797612534,3657.732877468569,6090.283066890497,,,,,,,197,1550.58698727325,0.048540488991230785,106,75.7239973838091,154.0371198076028,217,303,9.915478245958262,333,,,Perennial,Perennial,moderate,456.5560516236471,417.95360211540554,0.915448608399867
fj_reservoir_shackleford_update_2025-09-30,2001,,,,162.3614002739004,210.9221035602135,74,154,2083.40797612534,3657.732877468569,6090.283066890497,,,,,,,228,278.355700894884,0.08253181421364826,24,9.741195431479614,22.30465376851526,194,252,5.135222124765768,330,,,Perennial,Perennial,dry,104.2515693080199,99.18227843278585,0.951374440606679
fj_reservoir_shackleford_update_2025-09-30,2002,,,,378.7839319896101,565.131293037712,117,80,2083.40797612534,3657.732877468569,6090.283066890497,,,,,,,197,1301.98820527471,0.049923759954861494,87,24.6107011401866,204.73935271701885,168,284,6.739659984929806,331,,,Perennial,Perennial,moderate,287.9799435582234,311.4011550962459,1.0813293149815735
fj_reservoir_shackleford_update_2025-09-30,2003,41,43.7220507317317,40.0,815.64262583151,1087.527670201285,156,86,2083.40797612534,3657.732877468569,6090.283066890497,8,,,5,,,242,1503.22364288666,0.05189503904247029,63,71.2562219937124,106.1322323634544,125,305,35.38695257955004,330,,,Perennial,Perennial,wet,645.5536429450354,619.0346139745396,0.9589204874601664
fj_reservoir_shackleford_update_2025-09-30,2004,55,112.838600392223,2.0,374.7432458030688,663.265601912629,119,64,2083.40797612534,3657.732877468569,6090.283066890497,2,,,1,,,183,1045.75025592848,0.04637511535066614,102,21.71405422448315,51.47233052833774,148,285,7.9032776708179995,331,,,Perennial,Perennial,moderate,422.36684843099897,428.58306104791865,1.0147175675364
fj_reservoir_shackleford_update_2025-09-30,2005,40,43.6231165293052,10.0,324.1840973780193,689.8350655828185,164,67,2083.40797612534,3657.732877468569,6090.283066890497,,,,,,,231,1481.85009480452,0.05273004149014032,74,35.462617435377354,602.3480960377583,140,305,9.167847306527838,331,,,Perennial,Perennial,dry,407.06754377589925,373.7689621220581,0.9181988783852224
fj_reservoir_shackleford_update_2025-09-30,2006,36,103.051921182272,35.0,1798.1646890082302,2455.2969630355446,46,79,2083.40797612534,3657.732877468569,6090.283066890497,43,7,2,3,2,1,125,3410.62389210058,0.04083927429293133,35,196.6114704373295,1407.0446670543522,300,160,13.502609023304057,333,,,Perennial,Perennial,wet,898.8818892047378,1103.8726036604878,1.228050778325404
fj_reservoir_shackleford_update_2025-09-30,2007,75,3867.8499128976,14.0,392.37053841925047,603.9198970848845,82,94,2083.40797612534,3657.732877468569,6090.283066890497,3,1,,1,1,,176,988.38795603354,0.055293880610088386,94,20.62226839841545,53.051899575948156,158,270,7.64066074703002,330,,,Perennial,Perennial,moderate,360.49418409171744,443.85416426767097,1.2312380722201748
fj_reservoir_shackleford_update_2025-09-30,2008,19,80.7099991592496,18.0,221.4013638780752,528.073536833154,179,62,2083.40797612534,3657.732877468569,6090.283066890497,1,,,1,,,241,1170.89333638835,0.06722938583081348,52,25.54382540309625,118.7763426552529,140,293,9.811996112373205,332,,,Perennial,Perennial,dry,357.2421080663198,378.7731993122505,1.0602703062146681
fj_reservoir_shackleford_update_2025-09-30,2009,46,143.125831955123,9.0,141.902020162821,397.770775104786,169,67,2083.40797612534,3657.732877468569,6090.283066890497,,,,,,,236,809.119589971382,0.0588464418947455,50,31.1419850595496,124.8404174163384,183,286,7.534193683278204,330,,,Perennial,Perennial,dry,246.1001093408407,253.1560520687888,1.028671026383722
fj_reservoir_shackleford_update_2025-09-30,2010,72,81.8829733633287,20.0,420.8245288164514,572.209840050567,145,103,2083.40797612534,3657.732877468569,6090.283066890497,,,,,,,248,2069.32318724488,0.05811508683203837,66,70.03507842067654,276.0403605749255,116,314,9.89990744416156,332,,,Perennial,Perennial,moderate,392.5945016304778,407.302909356716,1.037464629955725
fj_reservoir_shackleford_update_2025-09-30,2011,39,333.983964817573,12.0,533.901969166723,966.937034497481,201,64,2083.40797612534,3657.732877468569,6090.283066890497,,,,,,,265,1391.29670860121,0.048230022421365704,81,104.470193350591,132.59416532576262,107,346,61.71681727159572,346,,,Perennial,Perennial,moderate,643.8888570488589,465.4046277985516,0.722802736378518
fj_reservoir_shackleford_update_2025-09-30,2012,,,,201.2788354135492,436.708485522731,142,87,2083.40797612534,3657.732877468569,6090.283066890497,1,,,1,,,229,1348.15150496671,0.05858542217630058,66,36.1046677103595,507.15369229728776,187,295,8.464917798408056,332,,,Perennial,Perennial,moderate,360.15525864644843,438.2999916264466,1.2169751269874143
fj_reservoir_shackleford_update_2025-09-30,2013,53,99.4245490268422,52.0,376.1314375595166,491.005807505113,105,116,2083.40797612534,3657.732877468569,6090.283066890497,,,,,,,221,660.361951534453,0.05806086392704388,47,24.32967466543425,69.09365725475077,174,268,8.206105084035062,330,,,Perennial,Perennial,moderate,282.6259204355336,293.4761392897557,1.0383907422132466
fj_reservoir_shackleford_update_2025-09-30,2014,,,,83.87036672805395,113.23759481644399,104,76,2083.40797612534,3657.732877468569,6090.283066890497,,,,,,,180,601.205225134686,0.04165022492857822,68,23.7541555468192,636.2464443822794,242,248,6.872131033914666,330,,,Perennial,Perennial,dry,133.59349765268033,196.19666714918776,1.4686094053713954
fj_reservoir_shackleford_update_2025-09-30,2015,54,51.413969362903,53.0,706.9907794638129,925.4382137069105,6,124,2083.40797612534,3657.732877468569,6090.283066890497,6,2,1,1,1,1,130,6198.10005246428,0.03615424214538252,63,29.77406837702975,220.3090166550767,270,193,6.774041393889074,330,,,Perennial,Perennial,moderate,327.0333705937936,567.126518833529,1.7341548900768105
fj_reservoir_shackleford_update_2025-09-30,2016,75,141.700954636169,2.0,478.71781987732743,1288.5213617524,98,97,2083.40797612534,3657.732877468569,6090.283066890497,10,,,4,,,195,1865.05829075441,0.0571210989088337,96,27.2554772310463,432.2720559867305,144,291,9.886755358372234,332,,,Perennial,Perennial,wet,531.9320523652569,646.5001096822415,1.2153809998994292
fj_reservoir_shackleford_update_2025-09-30,2017,31,675.830388677887,30.0,833.4326589774812,1455.664167217145,148,69,2083.40797612534,3657.732877468569,6090.283066890497,33,3,1,7,1,1,217,2196.28758894421,0.05233080453421,90,78.1810112364018,257.1271048053478,167,307,15.864603941906683,331,,,Perennial,Perennial,wet,941.8805993002817,927.6522767552354,0.9848937088675397
fj_reservoir_shackleford_update_2025-09-30,2018,55,286.936265701901,5.0,253.3295576470529,365.6532791900525,110,108,2083.40797612534,3657.732877468569,6090.283066890497,,,,,,,218,447.549148129033,0.05819647006587915,51,21.9901433900092,43.7521826441584,181,269,7.358489027210635,330,,,Perennial,Perennial,dry,213.71926914307605,213.15061463028798,0.9973392454734281
fj_reservoir_shackleford_update_2025-09-30,2019,,,,208.4388775597112,788.878563633019,137,84,2083.40797612534,3657.732877468569,6090.283066890497,2,,,1,,,221,1472.71643037873,0.05667050789766221,75,64.7672132864537,152.9032369777032,177,296,10.721018640733956,331,,,Perennial,Perennial,moderate,468.6638713757085,538.8951005582948,1.1498541566185392
fj_reservoir_shackleford_update_2025-09-30,2020,,,,164.8813727383596,235.3614490677325,124,107,2083.40797612534,3657.732877468569,6090.283066890497,,,,,,,231,373.222687808858,0.06151264579837688,40,21.473171615425052,37.22474017576865,184,271,7.056286685930881,331,,,Perennial,Perennial,dry,136.79713800945945,113.74345876445733,0.831475427187607
fj_reservoir_shackleford_update_2025-09-30,2021,,,,106.8003670567932,253.963701156165,129,89,2083.40797612534,3657.732877468569,6090.283066890497,,,,,,,218,332.746471861777,0.07118272638509082,38,27.4282321665107,179.87823973003222,207,256,6.996930543773964,300,,,Perennial,Perennial,dry,113.08629105615482,116.30142509464989,1.0284308027831468
fj_reservoir_shackleford_update_2025-09-30,2022,25,44.2822091965091,24.0,227.66029916632,262.730035824793,141,97,2083.40797612534,3657.732877468569,6090.283066890497,,,,,,,238,294.167213486154,0.03786100263496947,53,50.7773162235373,64.6367738234487,151,291,17.046136288782186,329,,,Perennial,Perennial,moderate,158.5534591007787,107.00680988589356,0.6748941996773379
fj_reservoir_shackleford_update_2025-09-30,2023,,,,346.770461475094,615.3965506805515,166,76,2083.40797612534,3657.732877468569,6090.283066890497,,,,,,,242,1635.73727033548,0.06454192854932332,56,55.79442678702435,101.09629998179929,146,298,10.060582696564383,331,,,Perennial,Perennial,wet,428.95150948143214,485.7330267314498,1.132372811366632
fj_reservoir_shackleford_update_2025-09-30,2024,,,,366.6423755648411,874.413956406166,152,78,2083.40797612534,3657.732877468569,6090.283066890497,2,,,1,,,230,1687.10016422664,0.060960714672915486,62,57.8494747150796,1102.1551768424586,197,292,10.073670786198324,333,,,Perennial,Perennial,unknown,491.02774145955874,505.86098224834114,1.0302085595911368
fj_reservoir_shackleford_update_2025-09-30,2025,54,485.329015696643,53.0,1097.039434540125,1344.423232595575,76,123,2083.40797612534,3657.732877468569,6090.283066890497,14,,,3,,,199,1833.96789576343,0.05272708219397444,96,58.5598267845818,1126.2964914953204,194,295,,,,,,,unknown,700.6913347701501,731.8507463390661,1.0444695260562018
11519500,1942,,,,,,,,4520.0,10920.0,13380.000000000002,,,,,,,249,1850.0,0.04247104247104247,77,70.5,114.40000000000003,92,326,61.571428571428555,365,,,Perennial,Perennial,unknown,707.8082191780821,711.2441743514554,1.0048543589637362
11519500,1943,40,129.0,8.0,672.0,1390.0,151,52,4520.0,10920.0,13380.000000000002,2,,,2,,,203,2110.0,0.04,122,69.0,147.0,91,325,58.14285714285714,374,,,Perennial,Perennial,unknown,831.2876712328767,838.7736886710894,1.0090053271536077
11519500,1944,26,190.0,3.0,142.0,281.0,195,50,4520.0,10920.0,13380.000000000002,,,,,,,245,598.0,0.03125,90,48.0,151.39999999999998,88,335,45.85714285714285,362,,,Perennial,Perennial,unknown,232.54918032786884,192.14693414834082,0.826263648306284
11519500,1945,35,470.0,3.0,187.7,422.5,168,57,4520.0,10920.0,13380.000000000002,,,,,,,225,1790.0,0.0374331550802139,94,54.0,174.5,96,319,47.99999999999999,359,,,Perennial,Perennial,unknown,404.84383561643835,435.08099103887565,1.074688442214753
11519500,1946,31,614.0,4.0,402.70000000000005,769.0,182,49,4520.0,10920.0,13380.000000000002,2,,,1,,,231,1710.0,0.04431057563587684,96,84.0,380.79999999999995,155,327,59.42857142857142,360,,,Perennial,Perennial,unknown,632.2876712328767,688.1805489333401,1.088397861042395
11519500,1947,50,1020.0,2.0,280.4,549.0,99,116,4520.0,10920.0,13380.000000000002,,,,,,,215,1110.0,0.05741626794258373,77,48.0,156.60000000000014,105,292,38.285714285714285,365,,,Perennial,Perennial,unknown,302.44109589041096,290.59722152911723,0.96083907074062
11519500,1948,17,634.0,3.0,120.0,350.0,224,31,4520.0,10920.0,13380.000000000002,2,,,1,,,255,1980.0,0.06437830687830688,55,89.0,145.0,121,310,73.0,346,,,Perennial,Perennial,unknown,487.6256830601093,701.4975972963211,1.4385985432392576
11519500,1949,35,216.0,7.0,146.9,435.5,160,65,4520.0,10920.0,13380.000000000002,,,,,,,225,2300.0,0.054576481538938876,77,50.0,74.0,121,302,42.57142857142857,355,,,Perennial,Perennial,unknown,399.2054794520548,461.2945440912257,1.1555315942165765
11519500,1950,42,82.0,3.0,85.0,763.0,186,57,4520.0,10920.0,13380.000000000002,,,,,,,243,1400.0,0.045340338053905894,80,58.5,76.9,68,323,49.14285714285714,351,,,Perennial,Perennial,unknown,473.73972602739724,511.09256131356665,1.0788467448136474
11519500,1951,9,103.0,1.0,609.4,1180.0,103,25,4520.0,10920.0,13380.000000000002,7,,,4,,,128,8340.0,0.04643449419568822,187,60.0,115.0,91,315,53.14285714285714,350,,,Perennial,Perennial,wet,924.6328767123288,1078.722020136486,1.1666489990838789
11519500,1952,24,200.0,4.0,397.0,1350.0,211,40,4520.0,10920.0,13380.000000000002,2,,,1,,,251,2610.0,0.07331378299120235,62,104.5,243.90000000000006,142,313,85.42857142857143,397,,,Perennial,Perennial,wet,1019.3907103825137,979.0345042234983,0.9604114440636091
11519500,1953,68,614.0,8.0,724.4,1290.0,172,89,4520.0,10920.0,13380.000000000002,6,2,,3,1,,261,2180.0,0.04804848135055191,65,128.0,644.0,119,326,90.85714285714285,352,,,Perennial,Perennial,wet,954.9205479452055,1306.9025921881832,1.3685982514465433
11519500,1954,45,698.0,5.0,451.6,1240.0,127,79,4520.0,10920.0,13380.000000000002,3,,,2,,,206,2050.0,0.057870970529772706,103,93.0,105.0,102,309,78.85714285714286,326,,,Perennial,Perennial,wet,799.7835616438356,820.6893759423081,1.0261393398177674
11519500,1955,40,399.0,1.0,169.0,211.0,209,45,4520.0,10920.0,13380.000000000002,,,,,,,254,815.0,0.07194616977225674,58,38.0,60.900000000000006,102,312,23.857142857142858,345,,,Perennial,Perennial,dry,219.24657534246575,203.66288159010904,0.9289216092519813
11519500,1956,35,66.0,1.0,573.8,1525.0,188,48,4520.0,10920.0,13380.000000000002,9,2,2,3,1,1,236,2860.0,0.05215617715617715,125,167.0,333.8,75,361,81.57142857142856,369,,,Perennial,Perennial,wet,1252.844262295082,2164.9888944066747,1.72805907291353
11519500,1957,27,258.0,3.0,212.4,982.0,173,70,4520.0,10920.0,13380.000000000002,3,,,1,,,243,1480.0,0.045454545454545456,58,91.0,421.4000000000002,107,301,52.71428571428571,338,,,Perennial,Perennial,moderate,581.2219178082191,737.6131722307953,1.2690732225177015
11519500,1958,11,1010.0,10.0,462.20000000000005,1340.0,189,42,4520.0,10920.0,13380.000000000002,14,1,,4,1,,231,3330.0,0.04838709677419355,130,116.0,195.0,91,361,93.14285714285714,377,,,Perennial,Perennial,wet,1304.2054794520548,1567.0942026470443,1.2015700189401435
11519500,1959,45,265.0,6.0,451.80000000000007,681.0,140,86,4520.0,10920.0,13380.000000000002,,,,,,,226,1220.0,0.05627705627705628,91,54.0,63.0,146,317,27.0,344,,,Perennial,Perennial,dry,396.0986301369863,424.6194249272173,1.0720042752492414
11519500,1960,,,,107.5,626.0,152,97,4520.0,10920.0,13380.000000000002,2,,,1,,,249,1470.0,0.06349206349206349,61,61.0,79.5,116,310,41.857142857142854,369,,,Perennial,Perennial,dry,389.2896174863388,608.7023627315207,1.563623419144698
11519500,1961,50,97.0,3.0,261.0,740.0,185,60,4520.0,10920.0,13380.000000000002,1,,,1,,,245,1820.0,0.05634920634920634,86,68.0,107.3,88,331,45.71428571428571,338,,,Perennial,Perennial,moderate,528.5068493150685,621.1340252717985,1.175262016143731
11519500,1962,28,109.0,3.0,213.0,456.0,167,53,4520.0,10920.0,13380.000000000002,,,,,,,220,1200.0,0.05084745762711865,121,271.5,1136.0000000000023,80,341,50.42857142857143,351,,,Perennial,Perennial,dry,398.6794520547945,385.4359477938644,0.9667815730339924
11519500,1963,13,6780.0,6.0,399.1,1065.0,178,55,4520.0,10920.0,13380.000000000002,9,,,3,,,233,2480.0,0.03759398496240601,92,66.0,117.0,76,325,56.99999999999999,338,,,Perennial,Perennial,wet,910.0082191780822,1212.5529741009002,1.3324637608175407
11519500,1964,12,123.0,2.0,378.5,548.0,216,35,4520.0,10920.0,13380.000000000002,,,,,,,251,1000.0,0.0692410119840213,36,57.0,113.60000000000001,139,287,40.99999999999999,341,,,Perennial,Perennial,moderate,434.6830601092896,402.0459195254059,0.9249173856103848
11519500,1965,43,139.0,5.0,630.0,1110.0,151,60,4520.0,10920.0,13380.000000000002,8,4,3,2,1,1,211,2570.0,0.05359707533620577,148,110.0,290.0,95,359,53.99999999999999,371,,,Perennial,Perennial,wet,1078.2410958904109,3006.6564102454463,2.7884824847661287
11519500,1966,46,516.0,4.0,343.0,622.0,130,88,4520.0,10920.0,13380.000000000002,,,,,,,218,1850.0,0.06683209263854425,102,57.0,64.0,90,320,35.14285714285714,340,,,Perennial,Perennial,moderate,476.94794520547947,528.6223760572196,1.1083439636782118
11519500,1967,5,88.0,3.0,363.2,697.0,219,44,4520.0,10920.0,13380.000000000002,1,,,1,,,263,1630.0,0.061855670103092786,79,88.5,120.3,88,342,33.285714285714285,344,,,Perennial,Perennial,moderate,651.3287671232877,720.4260013485272,1.1060865690462591
11519500,1968,46,191.0,3.0,137.6,666.5,120,64,4520.0,10920.0,13380.000000000002,4,1,,1,1,,184,900.0,0.06746311989956058,122,54.0,221.0,129,306,32.14285714285714,323,,,Perennial,Perennial,dry,446.4590163934426,884.6057639479642,1.981381787501866
11519500,1969,41,250.0,13.0,481.0,1160.0,179,69,4520.0,10920.0,13380.000000000002,1,,,1,,,248,2270.0,0.07417582417582418,87,81.0,113.5,66,335,36.57142857142857,345,,,Perennial,Perennial,moderate,785.1753424657534,849.3907192291155,1.0817847597731496
11519500,1970,18,127.0,2.0,105.0,657.0,105,35,4520.0,10920.0,13380.000000000002,11,4,4,3,2,2,140,1840.0,0.05370916159779269,177,52.0,60.0,72,317,31.71428571428571,336,,,Perennial,Perennial,wet,863.0191780821917,1834.550263924398,2.1257352217840055
11519500,1971,10,80.0,4.0,329.70000000000005,1190.0,202,23,4520.0,10920.0,13380.000000000002,8,2,1,3,1,1,225,2780.0,0.051503094606542885,134,123.0,353.19999999999993,72,359,91.85714285714285,359,,,Perennial,Perennial,wet,1084.6794520547944,1396.0771885634035,1.287087338032175
11519500,1972,44,259.0,5.0,234.1,695.5,124,65,4520.0,10920.0,13380.000000000002,8,1,,3,1,,189,2070.0,0.04938271604938271,129,81.5,132.7,124,318,60.857142857142854,318,,,Perennial,Perennial,moderate,744.1639344262295,1337.407005258933,1.7971940635501369
11519500,1973,36,135.0,3.0,342.0,555.0,161,76,4520.0,10920.0,13380.000000000002,,,,,,,237,1120.0,0.05952380952380952,61,25.0,54.3,88,298,22.57142857142857,314,,,Perennial,Perennial,dry,377.9780821917808,428.37527979743123,1.133333650759357
11519500,1974,2,66.0,1.0,734.0,1605.0,200,20,4520.0,10920.0,13380.000000000002,13,4,2,3,1,1,220,3120.0,0.057839858351367304,122,74.0,137.8,87,342,67.85714285714285,358,,,Perennial,Perennial,wet,1495.7972602739726,2356.5769864664253,1.5754655052883242
11519500,1975,42,119.0,1.0,188.3,1160.0,194,63,4520.0,10920.0,13380.000000000002,2,,,2,,,257,2180.0,0.059433962264150944,22,99.0,423.0,131,279,71.57142857142857,366,,,Perennial,Perennial,moderate,811.0246575342466,968.3754575521141,1.1940148163882713
11519500,1976,26,905.0,4.0,311.6,503.0,183,44,4520.0,10920.0,13380.000000000002,,,,,,,227,1660.0,0.045454545454545456,119,82.0,93.0,162,346,56.28571428571428,346,,,Perennial,Perennial,dry,401.5983606557377,344.8298145185812,0.8586434814015085
11519500,1977,,,,54.0,94.0,111,142,4520.0,10920.0,13380.000000000002,,,,,,,253,262.0,0.06271853146853147,37,15.0,22.0,110,290,5.985714285714286,334,,,Perennial,Perennial,dry,74.86712328767123,45.34195509375976,0.6056323938017057
11519500,1978,26,25.0,4.0,65.0,1060.0,149,34,4520.0,10920.0,13380.000000000002,5,,,2,,,183,1920.0,0.0799746192893401,79,116.0,327.59999999999985,205,262,54.99999999999999,319,,,Perennial,Perennial,wet,793.641095890411,985.7224511189216,1.24202546494018
11519500,1979,62,184.0,4.0,202.90000000000003,548.0,132,101,4520.0,10920.0,13380.000000000002,,,,,,,233,1400.0,0.057721139430284854,60,24.0,196.0,118,293,18.57142857142857,348,,,Perennial,Perennial,dry,318.66027397260274,384.8173588271707,1.2076100796306224
11519500,1980,25,1040.0,11.0,417.6,803.0,167,45,4520.0,10920.0,13380.000000000002,4,1,,1,1,,212,1520.0,0.049065233089946245,99,38.0,76.0,116,311,27.714285714285715,344,,,Perennial,Perennial,moderate,694.7650273224044,1067.8742581065612,1.5370293784390736
11519500,1981,42,80.0,3.0,168.1,482.0,152,61,4520.0,10920.0,13380.000000000002,,,,,,,213,866.0,0.07428571428571429,63,14.0,56.599999999999966,133,276,5.128571428571428,322,,,Perennial,Perennial,dry,300.17917808219175,400.8401034052788,1.3353361347918848
11519500,1982,26,27.0,2.0,768.7,1410.0,110,43,4520.0,10920.0,13380.000000000002,14,2,1,4,1,1,153,3310.0,0.055447501333249674,174,81.5,210.5,86,327,45.57142857142858,337,,,Perennial,Perennial,wet,1183.4767123287672,1767.057327141055,1.493106969265121
11519500,1983,24,210.0,2.0,670.9,1465.0,194,47,4520.0,10920.0,13380.000000000002,10,,,7,,,241,4830.0,0.04,119,201.0,553.8999999999997,52,360,183.57142857142856,371,,,Perennial,Perennial,wet,1265.654794520548,1192.3507603166518,0.9420821265630609
11519500,1984,38,427.0,4.0,713.4,1060.0,179,46,4520.0,10920.0,13380.000000000002,,,,,,,225,2780.0,0.046511627906976744,91,60.0,175.50000000000006,90,316,41.57142857142857,330,,,Perennial,Perennial,moderate,821.1612021857924,723.8514050048645,0.8814973272946827
11519500,1985,21,131.0,12.0,325.0,532.0,175,40,4520.0,10920.0,13380.000000000002,,,,,,,215,964.0,0.056818181818181816,84,43.5,107.19999999999999,128,299,25.714285714285715,330,,,Perennial,Perennial,moderate,425.8493150684931,406.78532156654404,0.9552330065415677
11519500,1986,25,129.0,6.0,148.0,611.0,98,61,4520.0,10920.0,13380.000000000002,7,1,1,3,1,1,159,6690.0,0.06097560975609756,143,46.5,89.80000000000001,92,302,29.14285714285714,323,,,Perennial,Perennial,wet,719.1452054794521,1295.029531904354,1.8007900519074744
11519500,1987,2,81.0,1.0,136.0,382.0,192,28,4520.0,10920.0,13380.000000000002,,,,,,,220,1100.0,0.05537459283387622,60,18.0,40.5,146,280,9.757142857142858,334,,,Perennial,Perennial,dry,313.8419178082192,367.11533467730015,1.169746021312663
11519500,1988,37,30.0,1.0,304.0,469.0,190,60,4520.0,10920.0,13380.000000000002,,,,,,,250,720.0,0.07142857142857142,41,16.5,34.0,108,291,6.814285714285713,332,,,Perennial,Perennial,dry,309.2584699453552,338.12978943707805,1.0933566006998103
11519500,1989,19,35.0,3.0,207.40000000000006,350.0,189,33,4520.0,10920.0,13380.000000000002,1,,,1,,,222,1870.0,0.05705852607510333,76,27.0,47.0,89,298,18.285714285714285,328,,,Perennial,Perennial,moderate,492.3205479452055,664.7391196920901,1.3502160786635997
11519500,1990,4,49.0,1.0,129.0,277.0,219,21,4520.0,10920.0,13380.000000000002,,,,,,,240,2100.0,0.07303370786516854,52,17.5,38.3,108,292,9.057142857142855,340,,,Perennial,Perennial,dry,280.1545205479452,355.81383251789345,1.2700627918548972
11519500,1991,7,28.0,2.0,56.2,205.0,213,34,4520.0,10920.0,13380.000000000002,,,,,,,247,480.0,0.08833922261484099,37,16.0,51.20000000000002,147,284,9.857142857142858,334,,,Perennial,Perennial,dry,164.1904109589041,185.434286233129,1.1293856026680031
11519500,1992,50,53.0,7.0,105.0,322.0,156,65,4520.0,10920.0,13380.000000000002,,,,,,,221,593.0,0.0718562874251497,72,21.5,75.0,104,293,6.714285714285714,322,,,Perennial,Perennial,dry,202.27158469945354,273.44696444094893,1.3518802695260026
11519500,1993,3,53.0,2.0,71.0,682.0,213,31,4520.0,10920.0,13380.000000000002,4,,,2,,,244,4600.0,0.06451612903225806,73,70.0,132.80000000000007,144,317,41.285714285714285,317,,,Perennial,Perennial,moderate,690.4,886.0695999132411,1.2834148318557954
11519500,1994,65,109.0,6.0,188.0,263.0,125,95,4520.0,10920.0,13380.000000000002,,,,,,,220,829.0,0.06609326346168451,51,10.0,66.0,193,271,4.300000000000001,350,,,Perennial,Perennial,dry,167.75616438356164,164.6382842894726,0.9814142144609349
11519500,1995,68,45.0,7.0,884.0,1535.0,136,98,4520.0,10920.0,13380.000000000002,8,,,4,,,234,2290.0,0.06680161943319839,99,69.0,96.19999999999999,103,333,40.42857142857142,337,,,Perennial,Perennial,wet,948.2383561643836,1269.4687180001165,1.3387654166776242
11519500,1996,63,193.0,5.0,830.2,1440.0,165,70,4520.0,10920.0,13380.000000000002,1,,,1,,,235,2600.0,0.05828220858895705,79,34.0,97.0,99,314,20.714285714285715,327,,,Perennial,Perennial,wet,871.1366120218579,959.9541302358293,1.1019559010472892
11519500,1997,26,97.0,7.0,971.0,1910.0,77,47,4520.0,10920.0,13380.000000000002,10,4,3,3,1,1,124,2440.0,0.02914644012944984,41,127.0,829.2,254,165,21.285714285714285,321,,,Perennial,Perennial,wet,969.6520547945205,2269.216188865849,2.340237591046739
11519500,1998,32,216.0,4.0,228.0,1390.0,201,53,4520.0,10920.0,13380.000000000002,5,2,,2,1,,254,2390.0,0.05291513774826723,92,115.0,1270.0000000000011,82,346,69.85714285714285,346,,,Perennial,Perennial,wet,998.9260273972603,1224.629785827649,1.2259464186937528
11519500,1999,48,174.0,3.0,526.8,1240.0,175,62,4520.0,10920.0,13380.000000000002,,,,,,,237,2820.0,0.05263157894736842,87,63.0,182.0,101,324,55.42857142857142,360,,,Perennial,Perennial,wet,868.2301369863013,757.0796680332238,0.871980406786051
11519500,2000,30,141.0,5.0,209.0,1035.0,178,59,4520.0,10920.0,13380.000000000002,,,,,,,237,1770.0,0.06936410667582994,71,54.0,97.0,155,308,12.999999999999998,330,,,Perennial,Perennial,moderate,582.1612021857924,573.1440455633077,0.9845108939094039
11519500,2001,,,,100.0,178.0,131,97,4520.0,10920.0,13380.000000000002,,,,,,,228,1040.0,0.10589700996677741,32,5.3,14.0,171,260,3.571428571428571,353,,,Perennial,Perennial,dry,132.40356164383562,170.2987560614634,1.286209781271334
11519500,2002,53,502.0,4.0,417.4,644.0,177,65,4520.0,10920.0,13380.000000000002,,,,,,,242,1030.0,0.0625,59,15.05,78.08,138,301,10.799999999999999,355,,,Perennial,Perennial,moderate,411.00109589041097,456.88808767173316,1.1116468842544338
11519500,2003,34,37.5,15.0,656.4,1240.0,169,73,4520.0,10920.0,13380.000000000002,2,,,1,,,242,2300.0,0.06579992128865661,87,61.400000000000006,114.6,98,329,41.08571428571428,331,,,Perennial,Perennial,wet,807.0358904109588,902.7191295159697,1.1185613183278467
11519500,2004,29,99.0,5.0,309.5,775.5,156,61,4520.0,10920.0,13380.000000000002,1,,,1,,,217,1470.0,0.06450330315634942,88,25.299999999999997,95.43,128,305,7.99,323,,,Perennial,Perennial,moderate,489.69754098360653,559.0244325075616,1.14157083857253
11519500,2005,25,103.0,3.0,331.6,556.0,173,67,4520.0,10920.0,13380.000000000002,,,,,,,240,1570.0,0.07197076717334389,70,27.65,204.70000000000005,110,310,13.042857142857143,332,,,Perennial,Perennial,dry,435.7249315068493,460.8256973045537,1.0576069074379093
11519500,2006,38,488.0,9.0,646.3,1630.0,178,54,4520.0,10920.0,13380.000000000002,12,1,1,3,1,1,232,3600.0,0.06002728512960425,89,61.900000000000006,286.0,116,321,38.41428571428571,330,,,Perennial,Perennial,wet,1251.7605479452054,1770.3701142268653,1.4143041311958344
11519500,2007,42,103.0,12.0,338.5,672.5,106,71,4520.0,10920.0,13380.000000000002,,,,,,,177,1120.0,0.05640952252676944,102,12.6,91.49000000000001,130,279,4.542857142857143,332,,,Perennial,Perennial,moderate,410.38372602739724,482.4738327995143,1.1756651207151043
11519500,2008,20,778.0,11.0,169.4,505.0,199,43,4520.0,10920.0,13380.000000000002,,,,,,,242,1340.0,0.0504626092861387,68,19.4,39.839999999999996,87,310,14.299999999999999,337,,,Perennial,Perennial,dry,411.81666666666666,458.4675700741045,1.1132807561797835
11519500,2009,12,39.9,11.0,102.80000000000001,230.5,200,31,4520.0,10920.0,13380.000000000002,,,,,,,231,1160.0,0.07035283993115314,55,10.4,27.43,118,286,6.007142857142856,329,,,Perennial,Perennial,dry,269.32679452054794,334.2410335242648,1.2410240656496
11519500,2010,17,32.9,2.0,57.64000000000001,477.5,220,38,4520.0,10920.0,13380.000000000002,,,,,,,258,1690.0,0.06866952789699576,60,47.3,316.6000000000002,85,318,21.914285714285715,330,,,Perennial,Perennial,moderate,462.88726027397263,566.0287707220338,1.2228220979488915
11519500,2011,25,755.0,4.0,416.2,1030.0,235,37,4520.0,10920.0,13380.000000000002,,,,,,,272,2310.0,0.056338028169014086,58,94.8,108.60000000000001,125,330,55.24285714285714,331,,,Perennial,Perennial,moderate,768.8882191780822,619.8545949232881,0.8061699730370346
11519500,2012,,,,185.8,640.5,140,89,4520.0,10920.0,13380.000000000002,1,,,1,,,229,1680.0,0.06417112299465241,77,20.5,55.040000000000006,110,306,9.424285714285714,337,,,Perennial,Perennial,moderate,434.20090163934424,616.1545757516362,1.4190541139489072
11519500,2013,45,55.4,2.0,260.0,427.0,171,50,4520.0,10920.0,13380.000000000002,1,,,1,,,221,1060.0,0.06256463703050467,55,46.05,56.31999999999999,210,276,5.6342857142857135,333,,,Perennial,Perennial,moderate,326.5160547945206,481.29912847693225,1.474044297086151
11519500,2014,,,,85.02,422.0,72,120,4520.0,10920.0,13380.000000000002,,,,,,,192,443.0,0.05084745762711865,68,8.06,70.74000000000001,157,260,5.668571428571428,308,,,Perennial,Perennial,dry,169.62449315068494,360.8581977234204,2.1273944052575833
11519500,2015,26,192.0,5.0,289.8,547.0,79,51,4520.0,10920.0,13380.000000000002,3,1,,1,1,,130,12800.0,0.05103738943255612,91,9.38,225.40000000000003,249,221,5.859999999999999,323,,,Perennial,Perennial,moderate,404.6820273972603,941.7226734158411,2.3270681909759965
11519500,2016,71,692.0,14.0,1060.0,1560.0,91,104,4520.0,10920.0,13380.000000000002,1,,,1,,,195,2380.0,0.05958549222797938,110,18.549999999999997,527.4000000000001,130,305,6.4399999999999995,331,,,Perennial,Perennial,wet,676.9865846994535,885.2192657767171,1.3075876033344265
11519500,2017,17,486.0,7.0,856.5,1725.0,148,69,4520.0,10920.0,13380.000000000002,8,1,,4,1,,217,3650.0,0.059480676328502374,102,61.3,84.44999999999999,96,319,36.9,331,,,Perennial,Perennial,wet,1193.4364383561644,1387.3879332507474,1.162515144218096
11519500,2018,42,114.0,4.0,146.0,374.0,169,49,4520.0,10920.0,13380.000000000002,,,,,,,218,606.0,0.08097014335614594,50,13.350000000000001,62.44000000000009,174,268,5.075714285714286,315,,,Perennial,Perennial,dry,255.23306849315063,318.6646805671995,1.248524270183866
11519500,2019,61,108.0,4.0,248.2,918.5,152,76,4520.0,10920.0,13380.000000000002,1,,,1,,,228,2100.0,0.0673076923076923,77,53.5,133.99999999999997,175,305,10.948571428571428,331,,,Perennial,Perennial,moderate,565.7504383561644,717.857983334495,1.2688597916429227
11519500,2020,69,273.0,6.0,177.6,268.0,130,114,4520.0,10920.0,13380.000000000002,,,,,,,244,517.0,0.09303583502366466,34,8.85,15.340000000000003,159,278,4.785714285714286,338,,,Perennial,Perennial,dry,168.07300546448087,185.04534377179806,1.100981940915574
11519500,2021,47,35.0,2.0,89.96000000000001,280.0,157,71,4520.0,10920.0,13380.000000000002,,,,,,,228,422.0,0.06558492728705495,40,9.32,16.300000000000004,132,268,5.425714285714285,290,,,Perennial,Perennial,dry,151.23150684931508,183.0158065414864,1.210169827401381
11519500,2022,25,501.0,2.0,112.4,259.0,215,34,4520.0,10920.0,13380.000000000002,,,,,,,249,539.0,0.08384644148074288,41,9.31,45.13999999999999,160,290,6.498571428571428,406,,,Perennial,Perennial,moderate,190.14778082191782,156.90155566165637,0.8251558602653477
11519500,2023,62,40.0,16.0,268.7,714.0,148,84,4520.0,10920.0,13380.000000000002,,,,,,,232,3000.0,0.06262254901960787,78,47.5,83.3,118,310,13.74285714285714,320,,,Perennial,Perennial,wet,513.2815616438356,695.6095676798144,1.355220252705075
11519500,2024,40,83.8,8.0,262.09999999999997,918.0,168,62,4520.0,10920.0,13380.000000000002,,,,,,,230,1910.0,0.06306306306306306,71,42.3,322.6,138,301,20.485714285714284,318,,,Perennial,Perennial,unknown,553.948087431694,588.8791958965184,1.0630584512472598
11519500,2025,46,86.3,11.0,632.0,1440.0,121,73,4520.0,10920.0,13380.000000000002,5,,,3,,,194,2270.0,0.0480689882818947,129,,,,323,,,,,Perennial,,unknown,890.0054794520548,1004.7865825453314,1.1289667375575523
